BERTH_WINDOW,CHEGADA_BARRA,ESCA_DTHR_ATRACACAO,DESATRACACAO,NAVI_NOME,SERVICO,LINER,BERCO_ATRACACAO,BERTH_WINDOW_STATUS
1548428400,1548050400,1548068520,1548130500,CATHERINE C,USA-STRING,MSC,BTP 3,IN
1553637600,1553830920,1554107580,1554164400,ALIANÇA MANAUS,ALCT3,ALI,BTP 3,OUT
1550242800,1550061000,1550189400,1550384400,CAPE ARTEMISIO,IPANE-ASAS,HLC,BTP 2,IN
1549681200,1549648800,1549656900,1549707300,MAERSK LAMANAI,NEO BOSSA,MAE,BTP 3,IN
1546246800,1549101600,1549129920,1549197900,MAERSK LOTA,NEO BOSSA,MAE,BTP 2,OUT
1546527600,1546403400,1546466160,1546537560,CROATIA,IPANE-ASAS,ONE,BTP 2,IN
1550005200,1550048400,1550070300,1550104800,ALIANÇA MANAUS,ALCT3,ALI,BTP 3,OUT
1541581200,1541535600,1541633400,1541679360,MSC MARIANNA,USA-STRING,MSC,BTP 1,IN
1544324400,1544317200,1544330880,1544406900,MAERSK LONDRINA,IPANE-ASAS,ONE,BTP 1,IN
1545166800,1545249600,1545257520,1545312120,UASC AL KHOR,NWC1,HLC,BTP 2,OUT
1541689200,1541589120,1541698800,1541783100,MSC ELMA,IPANE-ASAS,MSC,BTP 1,IN
1543957200,1543885920,1543913400,1543988760,CCNI ANDES,NWC1,HLC,BTP 2,IN
1542078000,1541952000,1541964600,1542058800,MSC AJACCIO,WMED,MSC,BTP 1,IN
1549659600,1548982800,1548987900,1549039800,CATHERINE C,USA-STRING,MSC,BTP 2,IN
1548774000,1548806400,1548821400,1548884460,MSC ELODIE,NWC1,MSC,BTP 3,OUT
1546311600,1546242840,1546334400,1546377600,CSAV TRAIGUEN,WMED,HLC,BTP 1,IN
1554177600,1554190200,1554198120,1554297000,MSC AJACCIO,WMED,MSC,BTP 1,OUT
1552471200,1552566600,1552572000,1552623900,MSC AGADIR,WMED,MSC,BTP 3,OUT
1551628800,1551600000,1551615300,1551680400,MSC LORETTA,UCLA,MSC,BTP 2,IN
1548277200,1548235080,1548249300,1548324600,VICENTE PINZON,ALCT2,ALI,BTP 2,IN
1551499200,1551463200,1551474600,1551553200,MAERSK LABREA,NEO BOSSA,MAE,BTP 1,IN
1550091600,1550048400,1550099220,1550141220,VICENTE PINZON,ALCT2,ALI,BTP 2,IN
1549530000,1549512000,1549530000,1549597800,UASC UMM QASR,NWC1,HLC,BTP 2,IN
1553724000,1553695200,1553707200,1553795820,VICENTE PINZON,ALCT2,ALI,BTP 3,IN
1553119200,1553097600,1553103000,1553163900,NORTHERN GUARD,ALCT2,ALI,BTP 3,IN
1553162400,1553164560,1553190600,1553246400,MSC ARICA,NWC1,MSC,BTP 2,OUT
1547629200,1547553600,1547670900,1547745000,CZECH,IPANE-ASAS,ONE,BTP 2,IN
1553378400,1553337600,1553391900,1553458680,LOG-IN RESILIENTE,VITORIA,MSC,BTP 3,IN
1552622400,1552590000,1552638420,1552680720,BUXCOAST,USA-STRING,MSC,BTP 2,IN
1546657200,1546617600,1546623060,1546661880,MAERSK LABREA,NEO BOSSA,MAE,BTP 1,IN
1540936800,1541113200,1541119680,1541218200,MSC ARICA,NWC1,MSC,BTP 2,OUT
1540072800,1540157100,1540220700,1540325520,STELLAR WILLEMSTADT,VITORIA,MSC,BTP 2,OUT
1544108400,1544086800,1544093100,1544208300,MAERSK LEON,IPANE-ASAS,MAE,BTP 1,IN
1540094400,1540092600,1540097700,1540212000,MSC ELMA,IPANE-ASAS,MSC,BTP 2,IN
1546138800,1546005600,1546023900,1546078440,CMA CGM RIO GRANDE,NEO BOSSA,CMA,BTP 2,IN
1545987600,1545984000,1546003440,1546108980,LOG-IN RESILIENTE,VITORIA,MSC,BTP 1,IN
1545858000,1545807600,1545832560,1545861600,VICENTE PINZON,ALCT2,ALI,BTP 3,IN
1545771600,1545724800,1545730260,1545796920,MSC PALAK,NWC1,MSC,BTP 2,IN
1544778000,1544751000,1544776800,1544850900,MSC LUDOVICA,USA-STRING,MSC,BTP 1,IN
1514772000,1543489200,1543503480,1543630800,MAERSK LETICIA,IPANE-ASAS,MAE,BTP 1,OUT
1543114800,1543091400,1543097400,1543225500,MSC JEONGMIN,IPANE-ASAS,MSC,BTP 3,IN
1541818800,1541780100,1541799600,1541857980,MAERSK LABREA,NEO BOSSA,MAE,BTP 2,IN
1545922800,1545737760,1545883200,1545986760,MAERSK LONDRINA,IPANE-ASAS,ONE,BTP 1,IN
1545534000,1545516000,1545526080,1545580200,GRASMERE MAERSK,IPANE-ASAS,MAE,BTP 3,IN
1545534000,1545490800,1545504300,1545576000,MAERSK LABERINTO,NEO BOSSA,MAE,BTP 2,IN
1514772000,1544202000,1544245200,1544333880,STELLAR WILLEMSTADT,VITORIA,MSC,BTP 3,OUT
1545814800,1545877800,1545888000,1545925380,MSC AJACCIO,WMED,MSC,BTP 3,OUT
1550005200,1549940400,1549946400,1550015220,MSC BRUNELLA,NWC1,MSC,BTP 1,IN
1549638000,1549562400,1549568100,1549702200,MSC GISELLE,IPANE-ASAS,MSC,BTP 1,IN
1549767600,1549681920,1549734900,1549800600,CMA CGM MAGDALENA,NEO BOSSA,CMA,BTP 3,IN
1550376000,1550288160,1550397900,1550454420,MAERSK LABERINTO,NEO BOSSA,MAE,BTP 2,IN
1545102000,1545021000,1545026400,1545086640,MSC ADELAIDE,WMED,MSC,BTP 2,IN
1542747600,1542700800,1542709800,1542780900,UASC UMM QASR,NWC1,HLC,BTP 1,IN
1539856800,1539864000,1539876600,1539943800,CCNI ANDES,NWC1,HLC,BTP 3,OUT
1544086800,1544065200,1544071500,1544127900,UASC UMM QASR,NWC1,HLC,BTP 2,IN
1543611600,1543496400,1543600500,1543666500,CONTI LYON,USA-STRING,MSC,BTP 2,IN
1544929200,1544850000,1544882220,1544964000,CMA CGM MAGDALENA,NEO BOSSA,CMA,BTP 3,IN
1541538000,1541548800,1541553000,1541610900,UASC ZAMZAM,NWC1,HLC,BTP 1,OUT
1541217600,1541186400,1541235600,1541344920,CMA CGM RIO GRANDE,NEO BOSSA,CMA,BTP 2,IN
1545469200,1540191600,1540196880,1540250220,MSC ORIANE,USA-STRING,MSC,BTP 3,IN
1545318000,1545292800,1545301800,1545448380,MAERSK LAGUNA,IPANE-ASAS,MAE,BTP 3,IN
1553875200,1553850000,1553861460,1554046980,SKYROS,IPANE-ASAS,HLC,BTP 1,IN
1547974800,1547967600,1547972640,1548054900,MONTE PASCOAL,UCLA,MAE,BTP 3,IN
1551067200,1551061800,1551072600,1551203280,MOL BEAUTY,IPANE-ASAS,ONE,BTP 1,IN
1548342000,1548284400,1548297300,1548373320,MSC NAOMI,IPANE-ASAS,MSC,BTP 1,IN
1551693600,1551690000,1551696900,1551766500,BUXCOAST,USA-STRING,MSC,BTP 3,IN
1547197200,1547297340,1547307000,1547382240,CMA CGM LITANI,NEO BOSSA,CMA,BTP 2,OUT
1550613600,1550584800,1550682600,1550715060,NORDAMELIA,ALCT3,ALI,BTP 1,IN
1554004800,1553955840,1553994900,1554061800,MAERSK LOTA,NEO BOSSA,MAE,BTP 2,IN
1552276800,1552258800,1552349400,1552456080,SKYROS,IPANE-ASAS,HLC,BTP 1,IN
1550872800,1550895300,1550976000,1551033900,LOG-IN RESILIENTE,VITORIA,MSC,BTP 2,OUT
1548428400,1548663120,1548686700,1548738900,MSC LUDOVICA,USA-STRING,MSC,BTP 3,OUT
1553313600,1553252400,1553258700,1553312880,CMA CGM MAGDALENA,NEO BOSSA,CMA,BTP 1,IN
1546308000,1551805200,1551810600,1551921180,MSC JEONGMIN,IPANE-ASAS,MSC,BTP 1,OUT
1549854000,1549832400,1549839600,1549916100,MSC ELMA,IPANE-ASAS,MSC,BTP 1,IN
1553270400,1553324400,1553336580,1553406300,MSC JEONGMIN,IPANE-ASAS,MSC,BTP 1,OUT
1551456000,1551398400,1551426000,1551502500,MSC BRUNELLA,IPANE-ASAS,MSC,BTP 2,IN
1549033200,1549099800,1549131900,1549210560,LOG-IN RESILIENTE,VITORIA,MSC,BTP 3,OUT
1553767200,1553763600,1553769300,1553822100,UASC ZAMZAM,NWC1,HLC,BTP 2,IN
1552233600,1552402800,1552410300,1552485420,MONTE PASCOAL,UCLA,MAE,BTP 3,OUT
1551387600,1551328200,1551379860,1551428700,MSC ELMA,NWC1,MSC,BTP 1,IN
1547110800,1547089200,1547094900,1547145300,MSC PALAK,NWC1,MSC,BTP 3,IN
1540332000,1540342800,1540348980,1540404900,MSC PALAK,NWC1,MSC,BTP 2,OUT
1539662400,1539556200,1539576120,1539673440,MSC AZOV,WMED,MSC,BTP 3,IN
1540872000,1540852200,1540861860,1540935720,MSC AMALFI,WMED,MSC,BTP 1,IN
1539403200,1539412200,1539418800,1539483000,MAERSK LINS,NEO BOSSA,MAE,BTP 1,OUT
1546138800,1546095600,1546101000,1546197180,MAERSK LAMANAI,NEO BOSSA,MAE,BTP 2,IN
1539770400,1539738000,1539743100,1539787080,MSC AMALFI,WMED,MSC,BTP 1,IN
1545642000,1545813000,1545818700,1545864480,MSC SPAIN,EXTRA CALL,MSC,BTP 2,OUT
1544540400,1544517720,1544544480,1544589600,MSC BARCELONA,EXTRA CALL,MSC,BTP 3,IN
1544691600,1544670000,1544676600,1544744400,MSC ELODIE,NWC1,MSC,BTP 1,IN
1543287600,1543212000,1543221300,1543311720,MSC MELINE,WMED,MSC,BTP 2,IN
1540094400,1540087200,1540095120,1540179960,CMA CGM MAGDALENA,NEO BOSSA,CMA,BTP 1,IN
1548406800,1548417600,1548425400,1548479400,MONTE PASCOAL,UCLA,HAM,BTP 1,OUT
1547521200,1547470800,1547486400,1547552760,MSC VITA,WMED,MSC,BTP 1,IN
1551952800,1551944520,1551960360,1552016700,UASC AL KHOR,NWC1,HLC,BTP 1,IN
1549875600,1550059200,1550082660,1550115900,AGIOS DIMITRIOS,USA-STRING,MSC,BTP 1,OUT
1546614000,1546842600,1546848480,1546913520,BUXCOAST,USA-STRING,MSC,BTP 1,OUT
1543633200,1543744800,1543762500,1543875060,CMA CGM MAGDALENA,NEO BOSSA,CMA,BTP 1,OUT
1514775600,1541215800,1541286000,1541360700,MAERSK LAMANAI,NEO BOSSA,MAE,BTP 1,OUT
1541023200,1541037600,1541043300,1541078400,MONTE SARMIENTO,ALCT2,ALI,BTP 3,OUT
1544432400,1544421600,1544426880,1544477880,MSC MARTA,USA-STRING,MSC,BTP 3,IN
1544043600,1544034600,1544043300,1544096400,VICENTE PINZON,ALCT2,ALI,BTP 3,IN
1543424400,1543446000,1543527600,1543585200,FERNÃO DE MAGALHÃES,ALCT2,ALI,BTP 2,OUT
1540980000,1541023200,1541033580,1541084640,MSC AJACCIO,WMED,MSC,BTP 2,OUT
1545037200,1545285600,1545297600,1545360060,MSC ORIANE,USA-STRING,MSC,BTP 1,OUT
1539576000,1539586800,1539597300,1539646500,MSC MARTA,USA-STRING,MSC,BTP 1,OUT
1548946800,1548848880,1548897900,1549000200,MSC SARA ELENA,IPANE-ASAS,MSC,BTP 3,IN
1549335600,1549305000,1549311300,1549379700,E.R. FRANCE,WMED,MSC,BTP 1,IN
1547226000,1547207400,1547224560,1547283000,LOG-IN RESILIENTE,VITORIA,MSC,BTP 1,IN
1551024000,1551060000,1551078000,1551152400,MONTE OLIVIA,UCLA,HAM,BTP 3,OUT
1550286000,1550260800,1550266500,1550325420,MAERSK LINS,NEO BOSSA,MAE,BTP 1,IN
1546376400,1546336800,1546349160,1546422240,MSC ARICA,NWC1,MSC,BTP 2,IN
1553680800,1553868000,1553890200,1553955540,MSC ALTAMIRA,WMED,MSC,BTP 3,OUT
1551564000,1551457800,1551515700,1551595800,LOG-IN RESILIENTE,VITORIA,MSC,BTP 2,IN
1549443600,1549447200,1549455360,1549516500,MSC AMALFI,WMED,MSC,BTP 1,OUT
1547024400,1547172000,1547177700,1547228160,MSC MELINE,WMED,MSC,BTP 2,OUT
1550851200,1550732040,1550774220,1550868000,MOL BEACON,IPANE-ASAS,ONE,BTP 1,IN
1541282400,1541212200,1541256840,1541363100,STELLAR WILLEMSTADT,VITORIA,MSC,BTP 3,IN
1543352400,1543280400,1543286700,1543347900,MSC ELODIE,NWC1,MSC,BTP 1,IN
1541088000,1541034000,1541100780,1541211900,MSC SARA ELENA,IPANE-ASAS,MSC,BTP 3,IN
1544302800,1542337200,1542467700,1542526800,STELLAR WILLEMSTADT,VITORIA,MSC,BTP 3,IN
1541196000,1541170800,1541176680,1541268180,MSC ORIANE,USA-STRING,MSC,BTP 1,IN
1544216400,1544569200,1544587500,1544640000,MSC SORAYA,USA-STRING,MSC,BTP 1,OUT
1542985200,1542956400,1542981480,1543045200,MSC FIAMMETTA,USA-STRING,MSC,BTP 1,IN
1540612800,1540580400,1540596300,1540667460,MAERSK LOTA,NEO BOSSA,MAE,BTP 3,IN
1545210000,1545618600,1545627000,1545681900,CSAV TRAIGUEN,WMED,HLC,BTP 2,OUT
1540591200,1540594800,1540609200,1540694400,MSC MARTA,USA-STRING,MSC,BTP 1,OUT
1539360000,1539253800,1539258540,1539287400,MONTE SARMIENTO,ALCT2,ALI,BTP 2,IN
1518814800,1550264700,1550307000,1550408100,LOG-IN RESILIENTE,VITORIA,MSC,BTP 3,OUT
1547953200,1547938800,1547943600,1548015120,MAERSK LABREA,NEO BOSSA,MAE,BTP 2,IN
1551218400,1551192300,1551232320,1551279000,FERNÃO DE MAGALHÃES,ALCT2,ALI,BTP 3,IN
1550048400,1550019600,1550026800,1550087100,CSAV TRAIGUEN,WMED,HLC,BTP 2,IN
1540483200,1540441800,1540448160,1540536600,MSC NAOMI,IPANE-ASAS,MSC,BTP 1,IN
1541473200,1541390400,1541439300,1541556600,CSAV TRAIGUEN,WMED,HLC,BTP 2,IN
1539727200,1539814500,1539820800,1539882300,UASC AL KHOR,NWC1,HLC,BTP 2,OUT
1543482000,1543489200,1543497900,1543583100,MSC LILY,NWC1,MSC,BTP 3,OUT
1541624400,1541582100,1541600340,1541647500,FERNÃO DE MAGALHÃES,ALCT2,ALI,BTP 2,IN
1553032800,1553215500,1553223900,1553291220,NORDAMELIA,ALCT3,ALI,BTP 3,OUT
1551585600,1551531600,1551564000,1551654900,MAERSK LINS,NEO BOSSA,MAE,BTP 3,IN
1514772000,1546729200,1546735380,1546819800,MSC NAOMI,IPANE-ASAS,MSC,BTP 1,OUT
1547715600,1547708400,1547714100,1547773800,MSC ARICA,NWC1,MSC,BTP 3,IN
1552082400,1552089600,1552098300,1552158300,MSC LORETTA,UCLA,MSC,BTP 1,OUT
1550808000,1551057000,1551068400,1551114720,AGIOS DIMITRIOS,USA-STRING,MSC,BTP 2,OUT
1553572800,1553513400,1553529480,1553620380,MSC AGADIR,WMED,MSC,BTP 2,IN
1551866400,1551855600,1551895620,1551967920,MSC MELINE,WMED,MSC,BTP 2,IN
1550462400,1550438400,1550445960,1550531640,SANTOS EXPRESS,IPANE-ASAS,HLC,BTP 1,IN
1548428400,1548486000,1548490800,1548594900,LOG-IN RESILIENTE,VITORIA,MSC,BTP 2,OUT
1546308000,1549179000,1549185840,1549246800,MONTE CERVANTES,UCLA,MAE,BTP 1,OUT
1553227200,1553293800,1553303220,1553353380,CONTI LYON,USA-STRING,MSC,BTP 2,OUT
1551261600,1551308400,1551314400,1551381900,MSC VITA,WMED,MSC,BTP 2,OUT
1548838800,1548856800,1548872940,1548940500,MONTE SARMIENTO,ALCT2,ALI,BTP 2,OUT
1553076000,1553031000,1553038200,1553085900,MSC AJACCIO,WMED,MSC,BTP 1,IN
1545426000,1545364800,1545372960,1545489000,MSC MARTA,USA-STRING,MSC,BTP 1,IN
1544842800,1544803860,1544828700,1544890920,MAERSK LAMANAI,NEO BOSSA,MAE,BTP 2,IN
1542294000,1542196800,1542202800,1542305700,MAERSK LA PAZ,IPANE-ASAS,MAE,BTP 1,IN
1540378800,1542011400,1542019800,1542084060,MSC FIAMMETTA,USA-STRING,MSC,BTP 2,OUT
1541883600,1541871000,1541876100,1541970300,STELLAR WILLEMSTADT,VITORIA,MSC,BTP 3,IN
1544000400,1543978800,1543986000,1544051280,MSC ADELAIDE,WMED,MSC,BTP 1,IN
1546225800,1543611600,1543655700,1543750800,STELLAR WILLEMSTADT,VITORIA,MSC,BTP 1,IN
1543028400,1542985980,1542995700,1543047000,MAERSK LINS,NEO BOSSA,MAE,BTP 2,IN
1546304400,1546232400,1546245300,1546287060,MSC MARIANNA,USA-STRING,MSC,BTP 1,IN
1515636000,1541847600,1541853960,1541933100,MAERSK LOTA,NEO BOSSA,MAE,BTP 1,OUT
1514772000,1540687200,1540707600,1540761900,MSC ELOISE,EXTRA CALL,MSC,BTP 1,OUT
1542186000,1542128400,1542134280,1542226320,MSC MELINE,WMED,MSC,BTP 2,IN
1550264400,1550283480,1550340300,1550403780,MONTE VERDE,UCLA,HAM,BTP 1,OUT
1550548800,1550471400,1550556300,1550636580,MSC AMALFI,WMED,MSC,BTP 1,IN
1549054800,1549047600,1549054500,1549113300,MAERSK LABERINTO,NEO BOSSA,MAE,BTP 1,IN
1548730800,1548725400,1548735600,1548829200,MSC AGADIR,WMED,MSC,BTP 2,IN
1550872800,1550907000,1550916900,1550986800,MSC MICHAELA,UCLA,MSC,BTP 1,OUT
1547348400,1547416800,1547428020,1547497800,MSC SARA ELENA,IPANE-ASAS,MSC,BTP 2,OUT
1548601200,1548572400,1548591000,1548649020,MSC CADIZ,UCLA,MSC,BTP 1,IN
1549659600,1549631520,1549696500,1549745400,MSC LUDOVICA,USA-STRING,MSC,BTP 2,IN
1543482000,1543509000,1543604100,1543639200,MSC SORAYA,USA-STRING,MSC,BTP 3,OUT
1540699200,1540684800,1540690200,1540804200,MAERSK LABERINTO,NEO BOSSA,MAE,BTP 3,IN
1539878400,1539874800,1539879900,1540044600,MOL ANCHORAGE,IPANE-ASAS,ONE,BTP 1,IN
1543719600,1543734000,1543745280,1543842900,MAERSK LAGUNA,IPANE-ASAS,MAE,BTP 3,OUT
1543395600,1543435200,1543441800,1543516500,MSC AZOV,WMED,MSC,BTP 2,OUT
1541066400,1541044800,1541058000,1541124600,UASC AL KHOR,NWC1,HLC,BTP 1,IN
1540461600,1540508400,1540516800,1540584600,MSC BRUNELLA,NWC1,MSC,BTP 3,OUT
1539986400,1539932400,1539939180,1540001880,MSC CADIZ,USA-STRING,MSC,BTP 2,IN
1550419200,1550462400,1550468100,1550535600,MSC MICHAELA,UCLA,MSC,BTP 2,OUT
1549400400,1549375200,1549395900,1549482420,HUNGARY,NWC1,HLC,BTP 2,IN
1552190400,1552124880,1552155900,1552221540,CMA CGM RIO GRANDE,NEO BOSSA,CMA,BTP 2,IN
1548190800,1548142200,1548161700,1548215280,UASC UMM QASR,NWC1,HLC,BTP 1,IN
1549746000,1549683000,1549723200,1549802820,LOG-IN RESILIENTE,VITORIA,MSC,BTP 1,IN
1552665600,1552523640,1552608300,1552714800,MOL BEAUTY,IPANE-ASAS,ONE,BTP 1,IN
1550613600,1550556000,1550573700,1550665200,UASC AL KHOR,NWC1,HLC,BTP 2,IN
1552060800,1551878280,1552029600,1552122780,SANTOS EXPRESS,IPANE-ASAS,HLC,BTP 2,IN
1550743200,1550736000,1550741940,1550808960,HUNGARY,NWC1,HLC,BTP 2,IN
1549940400,1549875600,1549899060,1549959000,MSC ADELAIDE,WMED,MSC,BTP 2,IN
1549270800,1549260060,1549268100,1549314300,MSC MARTA,USA-STRING,MSC,BTP 3,IN
1548558000,1548468000,1548552000,1548662820,CMA CGM LITANI,NEO BOSSA,CMA,BTP 3,IN
1546419600,1546405200,1546418700,1546483500,MSC VITA,WMED,MSC,BTP 1,IN
1553443200,1553677200,1553683800,1553739300,MONTE CERVANTES,UCLA,MAE,BTP 2,OUT
1547456400,1547445600,1547451000,1547512800,CONTI LYON,USA-STRING,MSC,BTP 3,IN
1547229600,1547263320,1547323560,1547455200,CMA CGM RIO GRANDE,NEO BOSSA,CMA,BTP 1,OUT
1542618000,1542612600,1542618300,1542679800,CONTI LYON,USA-STRING,MSC,BTP 1,IN
1542402000,1542318120,1542344400,1542408000,MSC MARIANNA,USA-STRING,MSC,BTP 3,IN
1542142800,1542079200,1542101400,1542152220,MSC LILY,NWC1,MSC,BTP 1,IN
1539468000,1539471600,1539478200,1539558600,MSC SARA ELENA,IPANE-ASAS,MSC,BTP 2,OUT
1543114800,1543034640,1543077900,1543174680,MAERSK LABREA,NEO BOSSA,MAE,BTP 2,IN
1542510000,1542431520,1542463500,1542638400,CMA CGM RIO GRANDE,NEO BOSSA,CMA,BTP 2,IN
1542229200,1542222000,1542237900,1542274800,VICENTE PINZON,ALCT2,ALI,BTP 3,IN
1514772000,1541649600,1541659320,1541709600,MSC ALABAMA,EXTRA CALL,MSC,BTP 2,OUT
1539964800,1540141200,1540149300,1540185060,FERNÃO DE MAGALHÃES,ALCT2,ALI,BTP 3,OUT
1545706800,1545562800,1545572400,1545657300,MSC AMALFI,WMED,MSC,BTP 1,IN
1545490800,1545406800,1545465120,1545513480,LOG-IN RESILIENTE,VITORIA,MSC,BTP 3,IN
1544324400,1544268600,1544289900,1544373600,MAERSK LINS,NEO BOSSA,MAE,BTP 2,IN
1548471600,1548399600,1548412200,1548477600,CMA CGM MAGDALENA,NEO BOSSA,CMA,BTP 2,IN
1547132400,1546959480,1547122080,1547180100,GRASMERE MAERSK,IPANE-ASAS,MAE,BTP 1,IN
1546419600,1547047800,1547052900,1547085900,MONTE SARMIENTO,ALCT2,ALI,BTP 1,OUT
1549033200,1549044000,1549057920,1549109160,MSC CADIZ,UCLA,MSC,BTP 3,OUT
1553011200,1553144400,1553150400,1553229600,MSC LILY,NWC1,MSC,BTP 1,OUT
1553832000,1554098400,1554120540,1554182040,CATHERINE C,USA-STRING,MSC,BTP 1,OUT
1543719600,1543705200,1543712700,1543804860,CMA CGM LITANI,NEO BOSSA,CMA,BTP 2,IN
1543438800,1542816000,1542822240,1542849600,MONTE SARMIENTO,ALCT2,ALI,BTP 1,IN
1539468000,1539378000,1539383700,1539433320,MAERSK LABERINTO,NEO BOSSA,MAE,BTP 2,IN
1553486400,1553468400,1553475180,1553568000,MSC GIULIA,IPANE-ASAS,MSC,BTP 1,IN
1552968000,1552914000,1552926900,1552992600,MSC MELINE,WMED,MSC,BTP 2,IN
1552687200,1552735800,1552755300,1552812120,MONTE PASCOAL,UCLA,MAE,BTP 1,OUT
1553896800,1554000480,1554042660,1554099300,MONTE CERVANTES,UCLA,MAE,BTP 3,OUT
1552428000,1552464720,1552512300,1552550820,ALIANÇA MANAUS,ALCT3,ALI,BTP 3,OUT
1552147200,1551996000,1552011000,1552040040,VICENTE PINZON,ALCT2,ALI,BTP 3,IN
1546333200,1551798000,1551804900,1551882900,MSC ARICA,NWC1,MSC,BTP 2,OUT
1551218400,1551204000,1551246000,1551362280,MSC PALAK,NWC1,MSC,BTP 1,IN
1546981200,1546927200,1546933800,1546998000,UASC ZAMZAM,NWC1,HLC,BTP 2,IN
1553292000,1553299200,1553307600,1553373600,MSC CADIZ,UCLA,MSC,BTP 3,OUT
1550700000,1550567700,1550597400,1550672100,MONTE SARMIENTO,ALCT2,ALI,BTP 3,IN
1549810800,1549783800,1549791060,1549845900,MONTE VERDE,UCLA,HAM,BTP 2,IN
1548406800,1548520200,1548525840,1548571200,E.R. FRANCE,WMED,MSC,BTP 1,OUT
1546138800,1546218000,1546227000,1546355220,CZECH,IPANE-ASAS,ONE,BTP 3,OUT
1553918400,1553880600,1553902200,1553973900,MAERSK LABERINTO,NEO BOSSA,MAE,BTP 2,IN
1547586000,1547514000,1547525100,1547579400,MSC LILY,NWC1,MSC,BTP 3,IN
1546635600,1546542000,1546565640,1546627080,MSC ORIANE,USA-STRING,MSC,BTP 2,IN
1552795200,1552737600,1552799220,1552858980,MAERSK LABREA,NEO BOSSA,MAE,BTP 2,IN
1551218400,1551185400,1551303960,1551352020,ALIANÇA MANAUS,ALCT3,ALI,BTP 3,IN
1550242800,1550473200,1550486400,1550576100,MSC ORIANE,USA-STRING,MSC,BTP 3,OUT
1552557600,1552557600,1552566600,1552625100,MSC PALAK,NWC1,MSC,BTP 2,IN
1552363200,1552320780,1552353300,1552464660,MSC VITA,WMED,MSC,BTP 2,IN
1544778000,1544813280,1544859600,1544957400,STELLAR WILLEMSTADT,VITORIA,MSC,BTP 1,OUT
1544562000,1544664600,1544674080,1544759400,MSC BRUNELLA,NWC1,MSC,BTP 2,OUT
1542682800,1542661200,1542666060,1542735780,MSC VITA,WMED,MSC,BTP 2,IN
1545253200,1545233400,1545241680,1545279180,FERNÃO DE MAGALHÃES,ALCT2,ALI,BTP 1,IN
1544648400,1544636400,1544655300,1544682300,MONTE SARMIENTO,ALCT2,ALI,BTP 3,IN
1547845200,1547778600,1547787600,1547827740,BUXCOAST,USA-STRING,MSC,BTP 2,IN
1547629200,1547722800,1547731980,1547804400,MSC AGADIR,WMED,MSC,BTP 1,OUT
1549659600,1549630800,1549636200,1549685400,MONTE CERVANTES,UCLA,MAE,BTP 2,IN
1548126000,1548115200,1548122280,1548186120,MSC MELINE,WMED,MSC,BTP 2,IN
1549249200,1549231200,1549242000,1549331100,MOL BEACON,IPANE-ASAS,ONE,BTP 2,IN
1549486800,1549587600,1549592700,1549650000,FERNÃO DE MAGALHÃES,ALCT2,ALI,BTP 3,OUT
1542834000,1542879000,1542884700,1542965760,RIO MADEIRA,EXTRA CALL,MAE,BTP 1,OUT
1543892400,1543743000,1543869600,1543943400,MSC AGADIR,WMED,MSC,BTP 3,IN
1514772000,1541646000,1541657640,1541713500,MSC PALAK,NWC1,MSC,BTP 3,OUT
1541581200,1541558700,1541592360,1541641200,MSC VITA,WMED,MSC,BTP 3,IN
1540375200,1540504800,1540512420,1540564800,CSAV TRAIGUEN,WMED,HLC,BTP 2,OUT
1553400000,1553356800,1553366220,1553440440,CMA CGM LITANI,NEO BOSSA,CMA,BTP 2,IN
1548925200,1548894240,1548935100,1548995700,MSC LILY,NWC1,MSC,BTP 1,IN
1552514400,1552446300,1552484100,1552538700,MONTE SARMIENTO,ALCT2,ALI,BTP 2,IN
1547143200,1547169120,1547193300,1547236800,MSC MARIANNA,USA-STRING,MSC,BTP 3,OUT
1552903200,1553121000,1553126400,1553179500,CATHERINE C,USA-STRING,MSC,BTP 2,OUT
1514772000,1547647200,1547655600,1547689800,FERNÃO DE MAGALHÃES,ALCT2,ALI,BTP 1,OUT
1546506000,1546488000,1546495440,1546553640,UASC AL KHOR,NWC1,HLC,BTP 1,IN
1553637600,1553608800,1553614260,1553689200,UASC UMM QASR,NWC1,HLC,BTP 1,IN
1551758400,1551628080,1551675000,1551754200,MSC NERISSA,WMED,MSC,BTP 1,IN
1553983200,1553936400,1553968320,1554031500,LOG-IN RESILIENTE,VITORIA,MSC,BTP 3,IN
1553508000,1553605200,1553609220,1553658720,MSC LUDOVICA,USA-STRING,MSC,BTP 3,OUT
1550134800,1550122200,1550129400,1550216700,MSC ELODIE,NWC1,MSC,BTP 1,IN
1544238000,1544198400,1544203800,1544260800,MAERSK LABERINTO,NEO BOSSA,MAE,BTP 2,IN
1514772000,1542980400,1543071000,1543139100,STELLAR WILLEMSTADT,VITORIA,MSC,BTP 1,OUT
1542877200,1542900600,1542906300,1542984240,UASC ZAMZAM,NWC1,HLC,BTP 2,OUT
1544929200,1544922000,1544927100,1544992680,CROATIA,IPANE-ASAS,ONE,BTP 2,IN
1544497200,1544398200,1544403900,1544521200,MSC AZOV,WMED,MSC,BTP 2,IN
1546030800,1545923880,1545973920,1546076580,AGIOS DIMITRIOS,USA-STRING,MSC,BTP 3,IN
1551477600,1551461400,1551466860,1551548400,MONTE OLIVIA,UCLA,HAM,BTP 3,IN
1547823600,1548039600,1548048300,1548127080,MSC GISELLE,IPANE-ASAS,MSC,BTP 1,OUT
1548558000,1548703800,1548718620,1548826020,CAPE ARTEMISIO,IPANE-ASAS,HLC,BTP 1,OUT
1550894400,1550865600,1550886540,1550961900,CMA CGM RIO GRANDE,NEO BOSSA,CMA,BTP 2,IN
1514772000,1541894400,1541903220,1541992140,MAERSK LETICIA,IPANE-ASAS,MAE,BTP 2,OUT
1545901200,1546209000,1546216200,1546289400,MSC BRUNELLA,NWC1,MSC,BTP 2,OUT
1546290000,1545732000,1545902640,1545989940,ALDEBARAN,EXTRA CALL,MAE,BTP 2,IN
1540267200,1540198800,1540204500,1540303800,MSC ADELAIDE,WMED,MSC,BTP 1,IN
1539230400,1539322200,1539327300,1539396600,MSC ELODIE,NWC1,MSC,BTP 3,OUT
1539273600,1539232200,1539239400,1539369000,MSC GIULIA,IPANE-ASAS,MSC,BTP 1,IN
1550980800,1550908800,1550924100,1551014700,MAERSK LAMANAI,NEO BOSSA,MAE,BTP 3,IN
1550199600,1550190600,1550237700,1550293200,MSC MARTA,USA-STRING,MSC,BTP 3,IN
1548774000,1548830340,1548846300,1548911400,MSC ADELAIDE,WMED,MSC,BTP 1,OUT
1551823200,1551831840,1551848400,1551899100,NORDAMELIA,ALCT3,ALI,BTP 3,OUT
1551412800,1551536400,1551582000,1551643680,MSC ORIANE,USA-STRING,MSC,BTP 1,OUT
1551153600,1551074040,1551132600,1551234000,CSAV TRAIGUEN,WMED,HLC,BTP 2,IN
1546614000,1546705800,1546744500,1546792200,LOG-IN RESILIENTE,VITORIA,MSC,BTP 2,OUT
1552838400,1552800600,1552829520,1552900620,MSC CADIZ,UCLA,MSC,BTP 1,IN
1548320400,1548445200,1548473280,1548533640,UASC ZAMZAM,NWC1,HLC,BTP 3,OUT
1548450000,1548392400,1548409500,1548457320,CONTI LYON,USA-STRING,MSC,BTP 3,IN
1552428000,1552413600,1552481160,1552552680,UASC ZAMZAM,NWC1,HLC,BTP 1,IN
1552773600,1552715400,1552732200,1552816260,LOG-IN RESILIENTE,VITORIA,MSC,BTP 3,IN
1552298400,1552282920,1552313520,1552381980,CONTI LYON,USA-STRING,MSC,BTP 3,IN
1546916400,1546833600,1546839000,1546886400,MSC AJACCIO,WMED,MSC,BTP 2,IN
1554091200,1554084000,1554095340,1554178380,CZECH,IPANE-ASAS,ONE,BTP 2,IN
1552708800,1552701600,1552708860,1552772880,MAERSK LOTA,NEO BOSSA,MAE,BTP 2,IN
1554112800,1554112320,1554175380,1554248100,MSC MARTA,USA-STRING,MSC,BTP 3,IN
1552104000,1552029060,1552074600,1552124580,CMA CGM LITANI,NEO BOSSA,CMA,BTP 3,IN
1543827600,1543816800,1543822500,1543874100,MSC CADIZ,USA-STRING,MSC,BTP 2,IN
1540900800,1540893600,1540901400,1540962300,MSC MARGARITA,USA-STRING,MSC,BTP 3,IN
1542790800,1542769200,1542776400,1542825840,MSC AGADIR,WMED,MSC,BTP 2,IN
1540008000,1539982800,1539992700,1540048200,MAERSK LAMANAI,NEO BOSSA,MAE,BTP 3,IN
1545382800,1545415200,1545508500,1545563400,STELLAR WILLEMSTADT,VITORIA,MSC,BTP 1,OUT
1542423600,1542391200,1542397200,1542447900,CMA CGM LITANI,NEO BOSSA,CMA,BTP 1,IN
1545642000,1546164900,1546171020,1546233600,MSC NERISSA,USA-STRING,MSC,BTP 1,OUT
1545447600,1545415200,1545427380,1545492300,MAERSK LOTA,NEO BOSSA,MAE,BTP 2,IN
1542510000,1542481200,1542486540,1542569760,MAERSK LEON,IPANE-ASAS,MAE,BTP 1,IN
1539446400,1539622800,1539627300,1539718500,STELLAR WILLEMSTADT,VITORIA,MSC,BTP 2,OUT
1540418400,1540353600,1540361880,1540411740,VICENTE PINZON,ALCT2,ALI,BTP 3,IN
1545296400,1545282000,1545325200,1545415800,CCNI ANDES,NWC1,HLC,BTP 2,IN
1544605200,1544565600,1544584200,1544643900,MSC AMALFI,WMED,MSC,BTP 2,IN
1542272400,1542330000,1542337080,1542401100,MSC ARICA,NWC1,MSC,BTP 2,OUT
1544713200,1544603400,1544709720,1544868360,MSC JEONGMIN,IPANE-ASAS,MSC,BTP 3,IN
1541797200,1541739600,1541745480,1541819100,MSC MARGARITA,USA-STRING,MSC,BTP 3,IN
1540699200,1540681200,1540686720,1540800600,MAERSK LA PAZ,IPANE-ASAS,MAE,BTP 2,IN
