BERTH_WINDOW,CHEGADA_BARRA,PREVISAO_ATRACACAO,ESCA_DTHR_ATRACACAO,INICIO_OPERACAO,FIM_OPERCACAO,DESATRACACAO,NAVI_NOME,HINA_QTDE_TOTAL_MOV,HINA_CMPH,SERVICO,LINER,BERCO_ATRACACAO
2019/01/25 13:00:00,2019/01/21 04:00:00,2019/01/21 06:00:00,2019/01/21 09:02:00,2019/01/21 10:21:00,2019/01/22 01:21:00,2019/01/22 02:15:00,CATHERINE C,864,"35,03",USA-STRING,MSC,BTP 3
2019/03/26 19:00:00,2019/03/29 00:42:00,2019/04/01 06:00:00,2019/04/01 05:33:00,2019/04/01 06:35:00,2019/04/01 19:01:00,2019/04/01 21:20:00,ALIANÇA MANAUS,362,"29,77",ALCT3,ALI,BTP 3
2019/02/15 13:00:00,2019/02/13 10:30:00,2019/02/14 22:00:00,2019/02/14 22:10:00,2019/02/15 12:03:00,2019/02/16 19:38:00,2019/02/17 03:20:00,CAPE ARTEMISIO,2555,"28,13",IPANE-ASAS,HLC,BTP 2
2019/02/09 01:00:00,2019/02/08 16:00:00,2019/02/08 18:00:00,2019/02/08 18:15:00,2019/02/08 20:35:00,2019/02/09 05:33:00,2019/02/09 08:15:00,MAERSK LAMANAI,767,"36,03",NEO BOSSA,MAE,BTP 3
2018/12/31 07:00:00,2019/02/02 08:00:00,2019/02/02 16:00:00,2019/02/02 15:52:00,2019/02/02 17:21:00,2019/02/03 09:20:00,2019/02/03 10:45:00,MAERSK LOTA,948,"31,37",NEO BOSSA,MAE,BTP 2
2019/01/03 13:00:00,2019/01/02 02:30:00,2019/01/02 19:00:00,2019/01/02 19:56:00,2019/01/02 21:45:00,2019/01/03 13:21:00,2019/01/03 15:46:00,CROATIA,1107,"27,02",IPANE-ASAS,ONE,BTP 2
2019/02/12 19:00:00,2019/02/13 07:00:00,2019/02/13 15:15:00,2019/02/13 13:05:00,2019/02/13 14:30:00,2019/02/13 17:14:00,2019/02/13 22:40:00,ALIANÇA MANAUS,94,"38,89",ALCT3,ALI,BTP 3
2018/11/07 07:00:00,2018/11/06 18:20:00,2018/11/07 21:30:00,2018/11/07 21:30:00,2018/11/07 23:22:00,2018/11/08 08:59:00,2018/11/08 10:16:00,MSC MARIANNA,703,"32,69",USA-STRING,MSC,BTP 1
2018/12/09 01:00:00,2018/12/08 23:00:00,2018/12/09 01:00:00,2018/12/09 02:48:00,2018/12/09 04:28:00,2018/12/09 20:02:00,2018/12/09 23:55:00,MAERSK LONDRINA,1883,"36,22",IPANE-ASAS,ONE,BTP 1
2018/12/18 19:00:00,2018/12/19 18:00:00,2018/12/19 20:00:00,2018/12/19 20:12:00,2018/12/19 21:43:00,2018/12/20 09:25:00,2018/12/20 11:22:00,UASC AL KHOR,1425,"31,25",NWC1,HLC,BTP 2
2018/11/08 13:00:00,2018/11/07 09:12:00,2018/11/08 16:00:00,2018/11/08 15:40:00,2018/11/08 17:10:00,2018/11/09 12:57:00,2018/11/09 15:05:00,MSC ELMA,2145,"33,14",IPANE-ASAS,MSC,BTP 1
2018/12/04 19:00:00,2018/12/03 23:12:00,2018/12/04 07:00:00,2018/12/04 06:50:00,2018/12/04 08:05:00,2018/12/04 21:41:00,2018/12/05 03:46:00,CCNI ANDES,1480,"34,43",NWC1,HLC,BTP 2
2018/11/13 01:00:00,2018/11/11 14:00:00,2018/11/11 17:30:00,2018/11/11 17:30:00,2018/11/11 20:56:00,2018/11/12 16:31:00,2018/11/12 19:40:00,MSC AJACCIO,1978,"36,48",WMED,MSC,BTP 1
2019/02/08 19:00:00,2019/01/31 23:00:00,2019/02/01 02:15:00,2019/02/01 00:25:00,2019/02/01 03:48:00,2019/02/01 12:49:00,2019/02/01 14:50:00,CATHERINE C,863,"35,91",USA-STRING,MSC,BTP 2
2019/01/29 13:00:00,2019/01/29 22:00:00,2019/01/30 00:00:00,2019/01/30 02:10:00,2019/01/30 03:31:00,2019/01/30 16:03:00,2019/01/30 19:41:00,MSC ELODIE,1603,"29,1",NWC1,MSC,BTP 3
2019/01/01 01:00:00,2018/12/31 05:54:00,2019/01/01 08:30:00,2019/01/01 07:20:00,2019/01/01 10:05:00,2019/01/01 17:35:00,2019/01/01 19:20:00,CSAV TRAIGUEN,619,"32,64",WMED,HLC,BTP 1
2019/04/02 01:00:00,2019/04/02 04:30:00,2019/04/02 06:00:00,2019/04/02 06:42:00,2019/04/02 09:04:00,2019/04/03 08:40:00,2019/04/03 10:10:00,MSC AJACCIO,2208,"32,55",WMED,MSC,BTP 1
2019/03/13 07:00:00,2019/03/14 09:30:00,2019/03/14 11:00:00,2019/03/14 11:00:00,2019/03/14 13:18:00,2019/03/14 23:02:00,2019/03/15 01:25:00,MSC AGADIR,823,"29,98",WMED,MSC,BTP 3
2019/03/03 13:00:00,2019/03/03 05:00:00,2019/03/03 09:00:00,2019/03/03 09:15:00,2019/03/03 15:51:00,2019/03/03 23:55:00,2019/03/04 03:20:00,MSC LORETTA,1196,"39,62",UCLA,MSC,BTP 2
2019/01/23 19:00:00,2019/01/23 07:18:00,2019/01/23 12:00:00,2019/01/23 11:15:00,2019/01/23 13:16:00,2019/01/23 18:01:00,2019/01/24 08:10:00,VICENTE PINZON,401,"36,88",ALCT2,ALI,BTP 2
2019/03/02 01:00:00,2019/03/01 15:00:00,2019/03/01 19:00:00,2019/03/01 18:10:00,2019/03/01 20:55:00,2019/03/02 14:25:00,2019/03/02 16:00:00,MAERSK LABREA,1544,"29,41",NEO BOSSA,MAE,BTP 1
2019/02/13 19:00:00,2019/02/13 07:00:00,2019/02/13 21:00:00,2019/02/13 21:07:00,2019/02/13 22:15:00,2019/02/14 03:25:00,2019/02/14 08:47:00,VICENTE PINZON,268,"35,94",ALCT2,ALI,BTP 2
2019/02/07 07:00:00,2019/02/07 02:00:00,2019/02/07 07:00:00,2019/02/07 07:00:00,2019/02/07 08:26:00,2019/02/07 23:04:00,2019/02/08 01:50:00,UASC UMM QASR,1339,"33,19",NWC1,HLC,BTP 2
2019/03/27 19:00:00,2019/03/27 11:00:00,2019/03/27 13:00:00,2019/03/27 14:20:00,2019/03/27 15:56:00,2019/03/27 17:58:00,2019/03/28 14:57:00,VICENTE PINZON,137,"37,1",ALCT2,ALI,BTP 3
2019/03/20 19:00:00,2019/03/20 13:00:00,2019/03/20 15:00:00,2019/03/20 14:30:00,2019/03/20 15:45:00,2019/03/20 19:20:00,2019/03/21 07:25:00,NORTHERN GUARD,366,"40,1",ALCT2,ALI,BTP 3
2019/03/21 07:00:00,2019/03/21 07:36:00,2019/03/21 15:00:00,2019/03/21 14:50:00,2019/03/21 16:28:00,2019/03/22 05:19:00,2019/03/22 06:20:00,MSC ARICA,1163,"32,21",NWC1,MSC,BTP 2
2019/01/16 07:00:00,2019/01/15 10:00:00,2019/01/16 18:30:00,2019/01/16 18:35:00,2019/01/16 19:50:00,2019/01/17 11:47:00,2019/01/17 15:10:00,CZECH,1492,"34,64",IPANE-ASAS,ONE,BTP 2
2019/03/23 19:00:00,2019/03/23 07:40:00,2019/03/23 23:00:00,2019/03/23 22:45:00,2019/03/24 02:22:00,2019/03/24 15:25:00,2019/03/24 17:18:00,LOG-IN RESILIENTE,1468,"42,17",VITORIA,MSC,BTP 3
2019/03/15 01:00:00,2019/03/14 16:00:00,2019/03/15 04:00:00,2019/03/15 05:27:00,2019/03/15 07:22:00,2019/03/15 15:37:00,2019/03/15 17:12:00,BUXCOAST,604,"33,37",USA-STRING,MSC,BTP 2
2019/01/05 01:00:00,2019/01/04 14:00:00,2019/01/04 17:00:00,2019/01/04 15:31:00,2019/01/04 16:57:00,2019/01/04 23:00:00,2019/01/05 02:18:00,MAERSK LABREA,889,"36,76",NEO BOSSA,MAE,BTP 1
2018/10/30 19:00:00,2018/11/01 20:00:00,2018/11/01 22:00:00,2018/11/01 21:48:00,2018/11/01 23:01:00,2018/11/02 21:51:00,2018/11/03 01:10:00,MSC ARICA,1856,"32,93",NWC1,MSC,BTP 2
2018/10/20 19:00:00,2018/10/21 18:25:00,2018/10/22 12:00:00,2018/10/22 12:05:00,2018/10/22 13:59:00,2018/10/23 15:00:00,2018/10/23 17:12:00,STELLAR WILLEMSTADT,1600,"36,03",VITORIA,MSC,BTP 2
2018/12/06 13:00:00,2018/12/06 07:00:00,2018/12/06 09:15:00,2018/12/06 08:45:00,2018/12/06 10:31:00,2018/12/07 14:59:00,2018/12/07 16:45:00,MAERSK LEON,2609,"34,05",IPANE-ASAS,MAE,BTP 1
2018/10/21 01:00:00,2018/10/21 00:30:00,2018/10/21 01:30:00,2018/10/21 01:55:00,2018/10/21 03:29:00,2018/10/22 04:41:00,2018/10/22 09:40:00,MSC ELMA,2164,"31,06",IPANE-ASAS,MSC,BTP 2
2018/12/30 01:00:00,2018/12/28 12:00:00,2018/12/28 16:00:00,2018/12/28 17:05:00,2018/12/28 19:17:00,2018/12/29 04:42:00,2018/12/29 08:14:00,CMA CGM RIO GRANDE,777,"35,11",NEO BOSSA,CMA,BTP 2
2018/12/28 07:00:00,2018/12/28 06:00:00,2018/12/28 11:00:00,2018/12/28 11:24:00,2018/12/28 12:18:00,2018/12/29 02:39:00,2018/12/29 16:43:00,LOG-IN RESILIENTE,1430,"36,35",VITORIA,MSC,BTP 1
2018/12/26 19:00:00,2018/12/26 05:00:00,2018/12/26 13:00:00,2018/12/26 11:56:00,2018/12/26 13:35:00,2018/12/26 16:02:00,2018/12/26 20:00:00,VICENTE PINZON,190,"44,02",ALCT2,ALI,BTP 3
2018/12/25 19:00:00,2018/12/25 06:00:00,2018/12/25 08:00:00,2018/12/25 07:31:00,2018/12/25 08:38:00,2018/12/26 01:04:00,2018/12/26 02:02:00,MSC PALAK,1367,"32,36",NWC1,MSC,BTP 2
2018/12/14 07:00:00,2018/12/13 23:30:00,2018/12/14 07:15:00,2018/12/14 06:40:00,2018/12/14 08:34:00,2018/12/15 00:09:00,2018/12/15 03:15:00,MSC LUDOVICA,1287,"36,51",USA-STRING,MSC,BTP 1
2018/01/01 00:00:00,2018/11/29 09:00:00,2018/11/29 13:00:00,2018/11/29 12:58:00,2018/11/29 14:29:00,2018/11/30 22:00:00,2018/12/01 00:20:00,MAERSK LETICIA,2430,"32,01",IPANE-ASAS,MAE,BTP 1
2018/11/25 01:00:00,2018/11/24 18:30:00,2018/11/24 20:00:00,2018/11/24 20:10:00,2018/11/25 02:14:00,2018/11/26 04:19:00,2018/11/26 07:45:00,MSC JEONGMIN,2427,"32,8",IPANE-ASAS,MSC,BTP 3
2018/11/10 01:00:00,2018/11/09 14:15:00,2018/11/09 19:00:00,2018/11/09 19:40:00,2018/11/09 21:19:00,2018/11/10 06:43:00,2018/11/10 11:53:00,MAERSK LABREA,1223,"36,02",NEO BOSSA,MAE,BTP 2
2018/12/27 13:00:00,2018/12/25 09:36:00,2018/12/27 02:00:00,2018/12/27 02:00:00,2018/12/27 03:36:00,2018/12/28 02:57:00,2018/12/28 06:46:00,MAERSK LONDRINA,1909,"32,42",IPANE-ASAS,ONE,BTP 1
2018/12/23 01:00:00,2018/12/22 20:00:00,2018/12/23 01:00:00,2018/12/22 22:48:00,2018/12/23 01:54:00,2018/12/23 11:19:00,2018/12/23 13:50:00,GRASMERE MAERSK,558,"31,31",IPANE-ASAS,MAE,BTP 3
2018/12/23 01:00:00,2018/12/22 13:00:00,2018/12/22 15:00:00,2018/12/22 16:45:00,2018/12/22 22:15:00,2018/12/23 11:46:00,2018/12/23 12:40:00,MAERSK LABERINTO,764,"28,91",NEO BOSSA,MAE,BTP 2
2018/01/01 00:00:00,2018/12/07 15:00:00,2018/12/08 03:00:00,2018/12/08 03:00:00,2018/12/08 04:21:00,2018/12/08 22:15:00,2018/12/09 03:38:00,STELLAR WILLEMSTADT,1332,"42,78",VITORIA,MSC,BTP 3
2018/12/26 07:00:00,2018/12/27 00:30:00,2018/12/27 02:00:00,2018/12/27 03:20:00,2018/12/27 04:34:00,2018/12/27 10:52:00,2018/12/27 13:43:00,MSC AJACCIO,721,"32,68",WMED,MSC,BTP 3
2019/02/12 19:00:00,2019/02/12 01:00:00,2019/02/12 02:30:00,2019/02/12 02:40:00,2019/02/12 04:39:00,2019/02/12 17:54:00,2019/02/12 21:47:00,MSC BRUNELLA,1862,"32,34",NWC1,MSC,BTP 1
2019/02/08 13:00:00,2019/02/07 16:00:00,2019/02/07 18:00:00,2019/02/07 17:35:00,2019/02/08 09:21:00,2019/02/09 05:27:00,2019/02/09 06:50:00,MSC GISELLE,1437,"27,7",IPANE-ASAS,MSC,BTP 1
2019/02/10 01:00:00,2019/02/09 01:12:00,2019/02/09 16:00:00,2019/02/09 15:55:00,2019/02/09 18:17:00,2019/02/10 06:50:00,2019/02/10 10:10:00,CMA CGM MAGDALENA,1046,"32,18",NEO BOSSA,CMA,BTP 3
2019/02/17 01:00:00,2019/02/16 01:36:00,2019/02/17 06:00:00,2019/02/17 07:05:00,2019/02/17 08:41:00,2019/02/17 19:01:00,2019/02/17 22:47:00,MAERSK LABERINTO,848,"33,28",NEO BOSSA,MAE,BTP 2
2018/12/18 01:00:00,2018/12/17 02:30:00,2018/12/17 04:00:00,2018/12/17 04:00:00,2018/12/17 05:09:00,2018/12/17 18:58:00,2018/12/17 20:44:00,MSC ADELAIDE,1616,"33,75",WMED,MSC,BTP 2
2018/11/20 19:00:00,2018/11/20 06:00:00,2018/11/20 08:30:00,2018/11/20 08:30:00,2018/11/20 09:55:00,2018/11/21 00:54:00,2018/11/21 04:15:00,UASC UMM QASR,1468,"37,13",NWC1,HLC,BTP 1
2018/10/18 07:00:00,2018/10/18 09:00:00,2018/10/18 12:30:00,2018/10/18 12:30:00,2018/10/18 15:27:00,2018/10/19 05:56:00,2018/10/19 07:10:00,CCNI ANDES,1061,"32,07",NWC1,HLC,BTP 3
2018/12/06 07:00:00,2018/12/06 01:00:00,2018/12/06 04:45:00,2018/12/06 02:45:00,2018/12/06 04:19:00,2018/12/06 17:59:00,2018/12/06 18:25:00,UASC UMM QASR,1098,"31,79",NWC1,HLC,BTP 2
2018/11/30 19:00:00,2018/11/29 11:00:00,2018/11/30 17:00:00,2018/11/30 15:55:00,2018/11/30 18:42:00,2018/12/01 08:42:00,2018/12/01 10:15:00,CONTI LYON,1069,"34,83",USA-STRING,MSC,BTP 2
2018/12/16 01:00:00,2018/12/15 03:00:00,2018/12/15 14:00:00,2018/12/15 11:57:00,2018/12/15 14:49:00,2018/12/16 08:59:00,2018/12/16 10:40:00,CMA CGM MAGDALENA,1499,"29,82",NEO BOSSA,CMA,BTP 3
2018/11/06 19:00:00,2018/11/06 22:00:00,2018/11/06 23:30:00,2018/11/06 23:10:00,2018/11/07 01:30:00,2018/11/07 11:45:00,2018/11/07 15:15:00,UASC ZAMZAM,1569,"36,02",NWC1,HLC,BTP 1
2018/11/03 01:00:00,2018/11/02 16:20:00,2018/11/03 06:30:00,2018/11/03 06:00:00,2018/11/03 07:46:00,2018/11/03 22:44:00,2018/11/04 13:22:00,CMA CGM RIO GRANDE,1593,"34,91",NEO BOSSA,CMA,BTP 2
2018/12/22 07:00:00,2018/10/22 04:00:00,2018/10/22 07:30:00,2018/10/22 05:28:00,2018/10/22 07:17:00,2018/10/22 17:13:00,2018/10/22 20:17:00,MSC ORIANE,757,"31,13",USA-STRING,MSC,BTP 3
2018/12/20 13:00:00,2018/12/20 06:00:00,2018/12/20 08:00:00,2018/12/20 08:30:00,2018/12/20 10:32:00,2018/12/21 22:22:00,2018/12/22 01:13:00,MAERSK LAGUNA,2732,"29,32",IPANE-ASAS,MAE,BTP 3
2019/03/29 13:00:00,2019/03/29 06:00:00,2019/03/29 07:30:00,2019/03/29 09:11:00,2019/03/29 10:43:00,2019/03/30 21:20:00,2019/03/31 12:43:00,SKYROS,2376,"32,96",IPANE-ASAS,HLC,BTP 1
2019/01/20 07:00:00,2019/01/20 05:00:00,2019/01/20 06:30:00,2019/01/20 06:24:00,2019/01/20 07:41:00,2019/01/21 03:49:00,2019/01/21 05:15:00,MONTE PASCOAL,1420,"37,88",UCLA,MAE,BTP 3
2019/02/25 01:00:00,2019/02/24 23:30:00,2019/02/25 03:00:00,2019/02/25 02:30:00,2019/02/25 04:58:00,2019/02/26 10:48:00,2019/02/26 14:48:00,MOL BEAUTY,2468,"32,29",IPANE-ASAS,ONE,BTP 1
2019/01/24 13:00:00,2019/01/23 21:00:00,2019/01/24 01:00:00,2019/01/24 00:35:00,2019/01/24 04:12:00,2019/01/24 20:10:00,2019/01/24 21:42:00,MSC NAOMI,1872,"32,43",IPANE-ASAS,MSC,BTP 1
2019/03/04 07:00:00,2019/03/04 06:00:00,2019/03/04 07:45:00,2019/03/04 07:55:00,2019/03/04 09:58:00,2019/03/05 00:41:00,2019/03/05 03:15:00,BUXCOAST,1327,"31,89",USA-STRING,MSC,BTP 3
2019/01/11 07:00:00,2019/01/12 10:49:00,2019/01/12 13:30:00,2019/01/12 13:30:00,2019/01/12 14:18:00,2019/01/13 09:50:00,2019/01/13 10:24:00,CMA CGM LITANI,1079,"56,86",NEO BOSSA,CMA,BTP 2
2019/02/19 19:00:00,2019/02/19 11:00:00,2019/02/20 13:30:00,2019/02/20 14:10:00,2019/02/20 16:12:00,2019/02/20 21:50:00,2019/02/20 23:11:00,NORDAMELIA,145,"27,5",ALCT3,ALI,BTP 1
2019/03/31 01:00:00,2019/03/30 11:24:00,2019/03/30 22:00:00,2019/03/30 22:15:00,2019/03/31 00:35:00,2019/03/31 14:03:00,2019/03/31 16:50:00,MAERSK LOTA,1010,"33,51",NEO BOSSA,MAE,BTP 2
2019/03/11 01:00:00,2019/03/10 20:00:00,2019/03/11 21:00:00,2019/03/11 21:10:00,2019/03/11 23:12:00,2019/03/12 22:11:00,2019/03/13 02:48:00,SKYROS,2123,"31,89",IPANE-ASAS,HLC,BTP 1
2019/02/22 19:00:00,2019/02/23 01:15:00,2019/02/23 22:30:00,2019/02/23 23:40:00,2019/02/24 02:01:00,2019/02/24 12:39:00,2019/02/24 15:45:00,LOG-IN RESILIENTE,1144,"39,92",VITORIA,MSC,BTP 2
2019/01/25 13:00:00,2019/01/28 06:12:00,2019/01/28 12:15:00,2019/01/28 12:45:00,2019/01/28 14:24:00,2019/01/28 22:26:00,2019/01/29 03:15:00,MSC LUDOVICA,1212,"42,92",USA-STRING,MSC,BTP 3
2019/03/23 01:00:00,2019/03/22 08:00:00,2019/03/22 10:00:00,2019/03/22 09:45:00,2019/03/22 11:02:00,2019/03/22 19:19:00,2019/03/23 00:48:00,CMA CGM MAGDALENA,1016,"34,92",NEO BOSSA,CMA,BTP 1
2019/01/01 00:00:00,2019/03/05 14:00:00,2019/03/05 16:00:00,2019/03/05 15:30:00,2019/03/05 21:56:00,2019/03/06 21:06:00,2019/03/06 22:13:00,MSC JEONGMIN,2265,"29,27",IPANE-ASAS,MSC,BTP 1
2019/02/11 01:00:00,2019/02/10 19:00:00,2019/02/10 22:00:00,2019/02/10 21:00:00,2019/02/10 22:46:00,2019/02/11 16:16:00,2019/02/11 18:15:00,MSC ELMA,2230,"31,02",IPANE-ASAS,MSC,BTP 1
2019/03/22 13:00:00,2019/03/23 04:00:00,2019/03/23 06:00:00,2019/03/23 07:23:00,2019/03/23 10:17:00,2019/03/24 00:56:00,2019/03/24 02:45:00,MSC JEONGMIN,1525,"32,17",IPANE-ASAS,MSC,BTP 1
2019/03/01 13:00:00,2019/02/28 21:00:00,2019/03/01 05:00:00,2019/03/01 04:40:00,2019/03/01 07:29:00,2019/03/01 23:38:00,2019/03/02 01:55:00,MSC BRUNELLA,1568,"29,44",IPANE-ASAS,MSC,BTP 2
2019/02/01 13:00:00,2019/02/02 07:30:00,2019/02/02 15:45:00,2019/02/02 16:25:00,2019/02/02 18:20:00,2019/02/03 12:14:00,2019/02/03 14:16:00,LOG-IN RESILIENTE,1861,"41,57",VITORIA,MSC,BTP 3
2019/03/28 07:00:00,2019/03/28 06:00:00,2019/03/28 07:30:00,2019/03/28 07:35:00,2019/03/28 10:51:00,2019/03/28 21:26:00,2019/03/28 22:15:00,UASC ZAMZAM,980,"35,72",NWC1,HLC,BTP 2
2019/03/10 13:00:00,2019/03/12 12:00:00,2019/03/12 13:30:00,2019/03/12 14:05:00,2019/03/12 17:34:00,2019/03/13 09:10:00,2019/03/13 10:57:00,MONTE PASCOAL,1480,"38,54",UCLA,MAE,BTP 3
2019/02/28 18:00:00,2019/02/28 01:30:00,2019/02/28 15:00:00,2019/02/28 15:51:00,2019/02/28 16:49:00,2019/03/01 02:21:00,2019/03/01 05:25:00,MSC ELMA,984,"35,26",NWC1,MSC,BTP 1
2019/01/10 07:00:00,2019/01/10 01:00:00,2019/01/10 02:30:00,2019/01/10 02:35:00,2019/01/10 04:13:00,2019/01/10 14:45:00,2019/01/10 16:35:00,MSC PALAK,796,"32,58",NWC1,MSC,BTP 3
2018/10/23 19:00:00,2018/10/23 22:00:00,2018/10/23 23:30:00,2018/10/23 23:43:00,2018/10/24 01:27:00,2018/10/24 13:56:00,2018/10/24 15:15:00,MSC PALAK,1534,"33,11",NWC1,MSC,BTP 2
2018/10/16 01:00:00,2018/10/14 19:30:00,2018/10/14 22:00:00,2018/10/15 01:02:00,2018/10/15 02:11:00,2018/10/15 22:30:00,2018/10/16 04:04:00,MSC AZOV,2202,"36,55",WMED,MSC,BTP 3
2018/10/30 01:00:00,2018/10/29 19:30:00,2018/10/29 21:00:00,2018/10/29 22:11:00,2018/10/29 23:17:00,2018/10/30 15:51:00,2018/10/30 18:42:00,MSC AMALFI,2277,"35,88",WMED,MSC,BTP 1
2018/10/13 01:00:00,2018/10/13 03:30:00,2018/10/13 07:30:00,2018/10/13 05:20:00,2018/10/13 07:40:00,2018/10/13 19:03:00,2018/10/13 23:10:00,MAERSK LINS,1295,"36,37",NEO BOSSA,MAE,BTP 1
2018/12/30 01:00:00,2018/12/29 13:00:00,2018/12/29 19:00:00,2018/12/29 14:30:00,2018/12/29 22:42:00,2018/12/30 15:22:00,2018/12/30 17:13:00,MAERSK LAMANAI,1301,"31,08",NEO BOSSA,MAE,BTP 2
2018/10/17 07:00:00,2018/10/16 22:00:00,2018/10/17 01:30:00,2018/10/16 23:25:00,2018/10/17 01:42:00,2018/10/17 09:19:00,2018/10/17 11:38:00,MSC AMALFI,951,"38,13",WMED,MSC,BTP 1
2018/12/24 07:00:00,2018/12/26 06:30:00,2018/12/26 08:00:00,2018/12/26 08:05:00,2018/12/26 09:12:00,2018/12/26 17:47:00,2018/12/26 20:48:00,MSC SPAIN,814,"36,45",EXTRA CALL,MSC,BTP 2
2018/12/11 13:00:00,2018/12/11 06:42:00,2018/12/11 15:15:00,2018/12/11 14:08:00,2018/12/11 15:19:00,2018/12/12 00:19:00,2018/12/12 02:40:00,MSC BARCELONA,932,"33,37",EXTRA CALL,MSC,BTP 3
2018/12/13 07:00:00,2018/12/13 01:00:00,2018/12/13 03:00:00,2018/12/13 02:50:00,2018/12/13 04:23:00,2018/12/13 16:36:00,2018/12/13 21:40:00,MSC ELODIE,940,"31,04",NWC1,MSC,BTP 1
2018/11/27 01:00:00,2018/11/26 04:00:00,2018/11/26 07:00:00,2018/11/26 06:35:00,2018/11/26 07:58:00,2018/11/27 04:06:00,2018/11/27 07:42:00,MSC MELINE,1985,"35,58",WMED,MSC,BTP 2
2018/10/21 01:00:00,2018/10/20 23:00:00,2018/10/21 00:30:00,2018/10/21 01:12:00,2018/10/21 02:59:00,2018/10/21 20:35:00,2018/10/22 00:46:00,CMA CGM MAGDALENA,1410,"29,79",NEO BOSSA,CMA,BTP 1
2019/01/25 07:00:00,2019/01/25 10:00:00,2019/01/25 12:00:00,2019/01/25 12:10:00,2019/01/25 13:54:00,2019/01/26 01:46:00,2019/01/26 03:10:00,MONTE PASCOAL,652,"29,92",UCLA,HAM,BTP 1
2019/01/15 01:00:00,2019/01/14 11:00:00,2019/01/14 15:30:00,2019/01/14 15:20:00,2019/01/14 20:26:00,2019/01/15 07:41:00,2019/01/15 09:46:00,MSC VITA,950,"31,89",WMED,MSC,BTP 1
2019/03/07 07:00:00,2019/03/07 04:42:00,2019/03/07 09:00:00,2019/03/07 09:06:00,2019/03/07 10:28:00,2019/03/07 20:37:00,2019/03/08 00:45:00,UASC AL KHOR,763,"31,87",NWC1,HLC,BTP 1
2019/02/11 07:00:00,2019/02/13 10:00:00,2019/02/13 15:45:00,2019/02/13 16:31:00,2019/02/13 17:31:00,2019/02/14 00:06:00,2019/02/14 01:45:00,AGIOS DIMITRIOS,740,"38,6",USA-STRING,MSC,BTP 1
2019/01/04 13:00:00,2019/01/07 04:30:00,2019/01/07 06:00:00,2019/01/07 06:08:00,2019/01/07 07:48:00,2019/01/07 20:10:00,2019/01/08 00:12:00,BUXCOAST,1508,"36,13",USA-STRING,MSC,BTP 1
2018/12/01 01:00:00,2018/12/02 08:00:00,2018/12/02 13:00:00,2018/12/02 12:55:00,2018/12/02 18:07:00,2018/12/03 17:24:00,2018/12/03 20:11:00,CMA CGM MAGDALENA,1570,"34,9",NEO BOSSA,CMA,BTP 1
2018/01/01 01:00:00,2018/11/03 00:30:00,2018/11/03 20:00:00,2018/11/03 20:00:00,2018/11/03 22:32:00,2018/11/04 15:15:00,2018/11/04 17:45:00,MAERSK LAMANAI,1386,"32,09",NEO BOSSA,MAE,BTP 1
2018/10/31 19:00:00,2018/10/31 23:00:00,2018/11/01 01:00:00,2018/11/01 00:35:00,2018/11/01 02:44:00,2018/11/01 05:12:00,2018/11/01 10:20:00,MONTE SARMIENTO,163,"38,3",ALCT2,ALI,BTP 3
2018/12/10 07:00:00,2018/12/10 04:00:00,2018/12/10 05:30:00,2018/12/10 05:28:00,2018/12/10 07:32:00,2018/12/10 18:05:00,2018/12/10 19:38:00,MSC MARTA,1094,"39,87",USA-STRING,MSC,BTP 3
2018/12/05 19:00:00,2018/12/05 16:30:00,2018/12/05 19:00:00,2018/12/05 18:55:00,2018/12/05 20:12:00,2018/12/06 04:35:00,2018/12/06 09:40:00,VICENTE PINZON,636,"33,73",ALCT2,ALI,BTP 3
2018/11/28 15:00:00,2018/11/28 21:00:00,2018/11/29 19:00:00,2018/11/29 19:40:00,2018/11/29 21:25:00,2018/11/30 09:53:00,2018/11/30 11:40:00,FERNÃO DE MAGALHÃES,531,"37,47",ALCT2,ALI,BTP 2
2018/10/31 07:00:00,2018/10/31 19:00:00,2018/10/31 21:00:00,2018/10/31 21:53:00,2018/10/31 22:56:00,2018/11/01 09:55:00,2018/11/01 12:04:00,MSC AJACCIO,1319,"34,97",WMED,MSC,BTP 2
2018/12/17 07:00:00,2018/12/20 04:00:00,2018/12/20 06:00:00,2018/12/20 07:20:00,2018/12/20 08:55:00,2018/12/20 23:35:00,2018/12/21 00:41:00,MSC ORIANE,1164,"42,49",USA-STRING,MSC,BTP 1
2018/10/15 01:00:00,2018/10/15 04:00:00,2018/10/15 07:00:00,2018/10/15 06:55:00,2018/10/15 08:25:00,2018/10/15 17:53:00,2018/10/15 20:35:00,MSC MARTA,947,"37,85",USA-STRING,MSC,BTP 1
2019/01/31 13:00:00,2019/01/30 09:48:00,2019/01/31 01:00:00,2019/01/30 23:25:00,2019/01/31 03:19:00,2019/02/01 02:12:00,2019/02/01 03:50:00,MSC SARA ELENA,1813,"25,54",IPANE-ASAS,MSC,BTP 3
2019/02/05 01:00:00,2019/02/04 16:30:00,2019/02/04 17:00:00,2019/02/04 18:15:00,2019/02/04 20:00:00,2019/02/05 08:19:00,2019/02/05 13:15:00,E.R. FRANCE,1047,"31,18",WMED,MSC,BTP 1
2019/01/11 15:00:00,2019/01/11 09:50:00,2019/01/11 13:45:00,2019/01/11 14:36:00,2019/01/11 16:57:00,2019/01/12 04:06:00,2019/01/12 06:50:00,LOG-IN RESILIENTE,1049,"41,43",VITORIA,MSC,BTP 1
2019/02/24 13:00:00,2019/02/24 23:00:00,2019/02/25 04:00:00,2019/02/25 04:00:00,2019/02/25 05:20:00,2019/02/25 22:03:00,2019/02/26 00:40:00,MONTE OLIVIA,1245,"32,55",UCLA,HAM,BTP 3
2019/02/16 01:00:00,2019/02/15 18:00:00,2019/02/15 18:00:00,2019/02/15 19:35:00,2019/02/15 21:46:00,2019/02/16 10:27:00,2019/02/16 11:57:00,MAERSK LINS,809,"34,33",NEO BOSSA,MAE,BTP 1
2019/01/01 19:00:00,2019/01/01 08:00:00,2019/01/01 09:30:00,2019/01/01 11:26:00,2019/01/01 13:26:00,2019/01/02 04:17:00,2019/01/02 07:44:00,MSC ARICA,1659,"32,81",NWC1,MSC,BTP 2
2019/03/27 07:00:00,2019/03/29 11:00:00,2019/03/29 17:00:00,2019/03/29 17:10:00,2019/03/29 19:06:00,2019/03/30 09:09:00,2019/03/30 11:19:00,MSC ALTAMIRA,876,"33,67",WMED,MSC,BTP 3
2019/03/02 19:00:00,2019/03/01 13:30:00,2019/03/02 06:00:00,2019/03/02 05:35:00,2019/03/02 10:59:00,2019/03/03 01:45:00,2019/03/03 03:50:00,LOG-IN RESILIENTE,1406,"36,5",VITORIA,MSC,BTP 2
2019/02/06 07:00:00,2019/02/06 08:00:00,2019/02/06 09:30:00,2019/02/06 10:16:00,2019/02/06 11:52:00,2019/02/07 02:38:00,2019/02/07 03:15:00,MSC AMALFI,1000,"31,42",WMED,MSC,BTP 1
2019/01/09 07:00:00,2019/01/11 00:00:00,2019/01/11 01:30:00,2019/01/11 01:35:00,2019/01/11 02:45:00,2019/01/11 14:16:00,2019/01/11 15:36:00,MSC MELINE,1160,"37,51",WMED,MSC,BTP 2
2019/02/22 13:00:00,2019/02/21 03:54:00,2019/02/21 16:00:00,2019/02/21 15:37:00,2019/02/21 19:48:00,2019/02/22 13:14:00,2019/02/22 17:40:00,MOL BEACON,1929,"30,28",IPANE-ASAS,ONE,BTP 1
2018/11/03 19:00:00,2018/11/02 23:30:00,2018/11/03 13:30:00,2018/11/03 11:54:00,2018/11/03 13:49:00,2018/11/04 16:22:00,2018/11/04 18:25:00,STELLAR WILLEMSTADT,1862,"41,35",VITORIA,MSC,BTP 3
2018/11/27 19:00:00,2018/11/26 23:00:00,2018/11/27 01:00:00,2018/11/27 00:45:00,2018/11/27 02:25:00,2018/11/27 14:48:00,2018/11/27 17:45:00,MSC ELODIE,1338,"33,99",NWC1,MSC,BTP 1
2018/11/01 13:00:00,2018/10/31 22:00:00,2018/11/01 16:00:00,2018/11/01 16:33:00,2018/11/01 17:44:00,2018/11/02 22:15:00,2018/11/02 23:25:00,MSC SARA ELENA,2785,"31,02",IPANE-ASAS,MSC,BTP 3
2018/12/08 19:00:00,2018/11/16 01:00:00,2018/11/17 12:00:00,2018/11/17 13:15:00,2018/11/17 14:05:00,2018/11/18 03:05:00,2018/11/18 05:40:00,STELLAR WILLEMSTADT,997,"41,2",VITORIA,MSC,BTP 3
2018/11/02 19:00:00,2018/11/02 12:00:00,2018/11/02 13:30:00,2018/11/02 13:38:00,2018/11/02 22:33:00,2018/11/03 10:43:00,2018/11/03 15:03:00,MSC ORIANE,822,"39,39",USA-STRING,MSC,BTP 1
2018/12/07 19:00:00,2018/12/11 21:00:00,2018/12/12 02:00:00,2018/12/12 02:05:00,2018/12/12 03:22:00,2018/12/12 16:10:00,2018/12/12 16:40:00,MSC SORAYA,967,"33,44",USA-STRING,MSC,BTP 1
2018/11/23 13:00:00,2018/11/23 05:00:00,2018/11/23 12:15:00,2018/11/23 11:58:00,2018/11/23 13:18:00,2018/11/24 02:55:00,2018/11/24 05:40:00,MSC FIAMMETTA,1412,"37,97",USA-STRING,MSC,BTP 1
2018/10/27 01:00:00,2018/10/26 16:00:00,2018/10/26 20:20:00,2018/10/26 20:25:00,2018/10/26 21:35:00,2018/10/27 13:01:00,2018/10/27 16:11:00,MAERSK LOTA,1776,"32,82",NEO BOSSA,MAE,BTP 3
2018/12/19 07:00:00,2018/12/24 00:30:00,2018/12/24 04:00:00,2018/12/24 02:50:00,2018/12/24 04:27:00,2018/12/24 13:37:00,2018/12/24 18:05:00,CSAV TRAIGUEN,1324,"39,93",WMED,HLC,BTP 2
2018/10/26 19:00:00,2018/10/26 20:00:00,2018/10/27 00:00:00,2018/10/27 00:00:00,2018/10/27 01:59:00,2018/10/27 17:57:00,2018/10/27 23:40:00,MSC MARTA,1100,"35,66",USA-STRING,MSC,BTP 1
2018/10/12 13:00:00,2018/10/11 07:30:00,2018/10/11 09:30:00,2018/10/11 08:49:00,2018/10/11 11:31:00,2018/10/11 15:17:00,2018/10/11 16:50:00,MONTE SARMIENTO,210,"31,45",ALCT2,ALI,BTP 2
2018/02/16 19:00:00,2019/02/15 19:05:00,2019/02/16 07:00:00,2019/02/16 06:50:00,2019/02/16 13:39:00,2019/02/17 03:48:00,2019/02/17 09:55:00,LOG-IN RESILIENTE,1148,"40,05",VITORIA,MSC,BTP 3
2019/01/20 01:00:00,2019/01/19 21:00:00,2019/01/19 23:00:00,2019/01/19 22:20:00,2019/01/20 01:46:00,2019/01/20 15:08:00,2019/01/20 18:12:00,MAERSK LABREA,1420,"33,19",NEO BOSSA,MAE,BTP 2
2019/02/26 19:00:00,2019/02/26 11:45:00,2019/02/26 23:00:00,2019/02/26 22:52:00,2019/02/27 02:15:00,2019/02/27 07:43:00,2019/02/27 11:50:00,FERNÃO DE MAGALHÃES,168,"32,65",ALCT2,ALI,BTP 3
2019/02/13 07:00:00,2019/02/12 23:00:00,2019/02/13 01:00:00,2019/02/13 01:00:00,2019/02/13 02:23:00,2019/02/13 08:44:00,2019/02/13 17:45:00,CSAV TRAIGUEN,681,"32,59",WMED,HLC,BTP 2
2018/10/25 13:00:00,2018/10/25 01:30:00,2018/10/25 06:00:00,2018/10/25 03:16:00,2018/10/25 05:42:00,2018/10/26 02:45:00,2018/10/26 03:50:00,MSC NAOMI,2318,"32,12",IPANE-ASAS,MSC,BTP 1
2018/11/06 01:00:00,2018/11/05 02:00:00,2018/11/05 16:00:00,2018/11/05 15:35:00,2018/11/06 02:51:00,2018/11/06 21:36:00,2018/11/07 00:10:00,CSAV TRAIGUEN,2275,"34,14",WMED,HLC,BTP 2
2018/10/16 19:00:00,2018/10/17 19:15:00,2018/10/17 20:30:00,2018/10/17 21:00:00,2018/10/17 22:14:00,2018/10/18 10:25:00,2018/10/18 14:05:00,UASC AL KHOR,1569,"29,55",NWC1,HLC,BTP 2
2018/11/29 07:00:00,2018/11/29 09:00:00,2018/11/29 13:30:00,2018/11/29 11:25:00,2018/11/29 13:09:00,2018/11/30 08:26:00,2018/11/30 11:05:00,MSC LILY,1215,"34,04",NWC1,MSC,BTP 3
2018/11/07 19:00:00,2018/11/07 07:15:00,2018/11/07 12:30:00,2018/11/07 12:19:00,2018/11/07 13:55:00,2018/11/07 23:45:00,2018/11/08 01:25:00,FERNÃO DE MAGALHÃES,415,"32,17",ALCT2,ALI,BTP 2
2019/03/19 19:00:00,2019/03/21 21:45:00,2019/03/22 00:00:00,2019/03/22 00:05:00,2019/03/22 01:43:00,2019/03/22 08:01:00,2019/03/22 18:47:00,NORDAMELIA,167,"28,4",ALCT3,ALI,BTP 3
2019/03/03 01:00:00,2019/03/02 10:00:00,2019/03/02 19:00:00,2019/03/02 19:00:00,2019/03/02 21:01:00,2019/03/03 15:08:00,2019/03/03 20:15:00,MAERSK LINS,1389,"28,17",NEO BOSSA,MAE,BTP 3
2018/01/01 00:00:00,2019/01/05 21:00:00,2019/01/05 22:00:00,2019/01/05 22:43:00,2019/01/06 01:29:00,2019/01/06 19:39:00,2019/01/06 22:10:00,MSC NAOMI,2216,"33,8",IPANE-ASAS,MSC,BTP 1
2019/01/17 07:00:00,2019/01/17 05:00:00,2019/01/17 07:30:00,2019/01/17 06:35:00,2019/01/17 08:32:00,2019/01/17 21:27:00,2019/01/17 23:10:00,MSC ARICA,1105,"33,09",NWC1,MSC,BTP 3
2019/03/08 19:00:00,2019/03/08 21:00:00,2019/03/08 23:30:00,2019/03/08 23:25:00,2019/03/09 02:26:00,2019/03/09 11:55:00,2019/03/09 16:05:00,MSC LORETTA,794,"33,17",UCLA,MSC,BTP 1
2019/02/22 01:00:00,2019/02/24 22:10:00,2019/02/25 01:30:00,2019/02/25 01:20:00,2019/02/25 02:46:00,2019/02/25 11:39:00,2019/02/25 14:12:00,AGIOS DIMITRIOS,916,"36,75",USA-STRING,MSC,BTP 2
2019/03/26 01:00:00,2019/03/25 08:30:00,2019/03/25 12:00:00,2019/03/25 12:58:00,2019/03/25 16:08:00,2019/03/26 11:38:00,2019/03/26 14:13:00,MSC AGADIR,2291,"34,73",WMED,MSC,BTP 2
2019/03/06 07:00:00,2019/03/06 04:00:00,2019/03/06 19:00:00,2019/03/06 15:07:00,2019/03/06 19:35:00,2019/03/07 08:43:00,2019/03/07 11:12:00,MSC MELINE,1248,"35,06",WMED,MSC,BTP 2
2019/02/18 01:00:00,2019/02/17 18:20:00,2019/02/17 21:00:00,2019/02/17 20:26:00,2019/02/17 22:06:00,2019/02/18 18:51:00,2019/02/18 20:14:00,SANTOS EXPRESS,2380,"33,89",IPANE-ASAS,HLC,BTP 1
2019/01/25 13:00:00,2019/01/26 05:00:00,2019/01/26 07:00:00,2019/01/26 06:20:00,2019/01/26 08:02:00,2019/01/27 06:08:00,2019/01/27 11:15:00,LOG-IN RESILIENTE,2030,"39,38",VITORIA,MSC,BTP 2
2019/01/01 00:00:00,2019/02/03 05:30:00,2019/02/03 07:30:00,2019/02/03 07:24:00,2019/02/03 08:35:00,2019/02/03 18:01:00,2019/02/04 00:20:00,MONTE CERVANTES,1340,"40,22",UCLA,MAE,BTP 1
2019/03/22 01:00:00,2019/03/22 19:30:00,2019/03/22 23:00:00,2019/03/22 22:07:00,2019/03/22 23:39:00,2019/03/23 09:59:00,2019/03/23 12:03:00,CONTI LYON,1036,"36,56",USA-STRING,MSC,BTP 2
2019/02/27 07:00:00,2019/02/27 20:00:00,2019/02/27 22:00:00,2019/02/27 21:40:00,2019/02/27 23:44:00,2019/02/28 13:06:00,2019/02/28 16:25:00,MSC VITA,1570,"33,6",WMED,MSC,BTP 2
2019/01/30 07:00:00,2019/01/30 12:00:00,2019/01/30 17:15:00,2019/01/30 16:29:00,2019/01/30 18:25:00,2019/01/31 00:36:00,2019/01/31 11:15:00,MONTE SARMIENTO,377,"39,89",ALCT2,ALI,BTP 2
2019/03/20 07:00:00,2019/03/19 18:30:00,2019/03/19 20:30:00,2019/03/19 20:30:00,2019/03/19 21:42:00,2019/03/20 04:55:00,2019/03/20 09:45:00,MSC AJACCIO,883,"37,05",WMED,MSC,BTP 1
2018/12/21 19:00:00,2018/12/21 02:00:00,2018/12/21 06:00:00,2018/12/21 04:16:00,2018/12/21 08:30:00,2018/12/22 05:42:00,2018/12/22 12:30:00,MSC MARTA,1360,"33,11",USA-STRING,MSC,BTP 1
2018/12/15 01:00:00,2018/12/14 14:11:00,2018/12/14 21:45:00,2018/12/14 21:05:00,2018/12/14 22:29:00,2018/12/15 12:52:00,2018/12/15 14:22:00,MAERSK LAMANAI,1140,"32,56",NEO BOSSA,MAE,BTP 2
2018/11/15 13:00:00,2018/11/14 10:00:00,2018/11/14 11:30:00,2018/11/14 11:40:00,2018/11/14 15:28:00,2018/11/15 12:51:00,2018/11/15 16:15:00,MAERSK LA PAZ,2709,"34,04",IPANE-ASAS,MAE,BTP 1
2018/10/24 08:00:00,2018/11/12 06:30:00,2018/11/12 08:45:00,2018/11/12 08:50:00,2018/11/12 09:51:00,2018/11/13 01:06:00,2018/11/13 02:41:00,MSC FIAMMETTA,997,"32,79",USA-STRING,MSC,BTP 2
2018/11/10 19:00:00,2018/11/10 15:30:00,2018/11/10 16:30:00,2018/11/10 16:55:00,2018/11/10 17:51:00,2018/11/11 12:18:00,2018/11/11 19:05:00,STELLAR WILLEMSTADT,1476,"41,62",VITORIA,MSC,BTP 3
2018/12/05 07:00:00,2018/12/05 01:00:00,2018/12/05 03:15:00,2018/12/05 03:00:00,2018/12/05 04:11:00,2018/12/05 16:29:00,2018/12/05 21:08:00,MSC ADELAIDE,1329,"35,01",WMED,MSC,BTP 1
2018/12/31 01:10:00,2018/11/30 19:00:00,2018/12/01 05:15:00,2018/12/01 07:15:00,2018/12/01 08:32:00,2018/12/02 05:27:00,2018/12/02 09:40:00,STELLAR WILLEMSTADT,1551,"40,98",VITORIA,MSC,BTP 1
2018/11/24 01:00:00,2018/11/23 13:13:00,2018/11/23 16:00:00,2018/11/23 15:55:00,2018/11/23 17:14:00,2018/11/24 03:54:00,2018/11/24 06:10:00,MAERSK LINS,1009,"36,31",NEO BOSSA,MAE,BTP 2
2018/12/31 23:00:00,2018/12/31 03:00:00,2018/12/31 06:00:00,2018/12/31 06:35:00,2018/12/31 08:02:00,2018/12/31 17:05:00,2018/12/31 18:11:00,MSC MARIANNA,281,"32,15",USA-STRING,MSC,BTP 1
2018/01/11 00:00:00,2018/11/10 09:00:00,2018/11/10 12:00:00,2018/11/10 10:46:00,2018/11/10 13:34:00,2018/11/11 04:45:00,2018/11/11 08:45:00,MAERSK LOTA,1280,"31,11",NEO BOSSA,MAE,BTP 1
2018/01/01 00:00:00,2018/10/27 21:40:00,2018/10/28 03:30:00,2018/10/28 03:20:00,2018/10/28 04:58:00,2018/10/28 15:21:00,2018/10/28 18:25:00,MSC ELOISE,441,"38,88",EXTRA CALL,MSC,BTP 1
2018/11/14 07:00:00,2018/11/13 15:00:00,2018/11/13 16:30:00,2018/11/13 16:38:00,2018/11/13 19:29:00,2018/11/14 05:46:00,2018/11/14 18:12:00,MSC MELINE,1039,"37,88",WMED,MSC,BTP 2
2019/02/15 19:00:00,2019/02/16 00:18:00,2019/02/16 16:00:00,2019/02/16 16:05:00,2019/02/16 18:28:00,2019/02/17 04:22:00,2019/02/17 08:43:00,MONTE VERDE,873,"32,16",UCLA,HAM,BTP 1
2019/02/19 01:00:00,2019/02/18 03:30:00,2019/02/19 03:30:00,2019/02/19 03:05:00,2019/02/19 04:27:00,2019/02/20 00:07:00,2019/02/20 01:23:00,MSC AMALFI,1707,"31,46",WMED,MSC,BTP 1
2019/02/01 19:00:00,2019/02/01 17:00:00,2019/02/01 19:00:00,2019/02/01 18:55:00,2019/02/01 21:24:00,2019/02/02 09:16:00,2019/02/02 11:15:00,MAERSK LABERINTO,769,"31,86",NEO BOSSA,MAE,BTP 1
2019/01/29 01:00:00,2019/01/28 23:30:00,2019/01/29 02:45:00,2019/01/29 02:20:00,2019/01/29 03:39:00,2019/01/30 01:44:00,2019/01/30 04:20:00,MSC AGADIR,1490,"34,43",WMED,MSC,BTP 2
2019/02/22 19:00:00,2019/02/23 04:30:00,2019/02/23 07:00:00,2019/02/23 07:15:00,2019/02/23 08:15:00,2019/02/23 23:51:00,2019/02/24 02:40:00,MSC MICHAELA,1241,"32,65",UCLA,MSC,BTP 1
2019/01/13 01:00:00,2019/01/13 20:00:00,2019/01/13 23:30:00,2019/01/13 23:07:00,2019/01/14 01:55:00,2019/01/14 18:05:00,2019/01/14 18:30:00,MSC SARA ELENA,1847,"30,58",IPANE-ASAS,MSC,BTP 2
2019/01/27 13:00:00,2019/01/27 05:00:00,2019/01/27 10:00:00,2019/01/27 10:10:00,2019/01/27 11:39:00,2019/01/28 00:42:00,2019/01/28 02:17:00,MSC CADIZ,1245,"38,56",UCLA,MSC,BTP 1
2019/02/08 19:00:00,2019/02/08 11:12:00,2019/02/09 06:00:00,2019/02/09 05:15:00,2019/02/09 06:42:00,2019/02/09 15:42:00,2019/02/09 18:50:00,MSC LUDOVICA,940,"37,39",USA-STRING,MSC,BTP 2
2018/11/29 07:00:00,2018/11/29 14:30:00,2018/11/30 13:30:00,2018/11/30 16:55:00,2018/11/30 17:57:00,2018/12/01 01:12:00,2018/12/01 02:40:00,MSC SORAYA,591,"30,25",USA-STRING,MSC,BTP 3
2018/10/28 01:00:00,2018/10/27 21:00:00,2018/10/27 22:35:00,2018/10/27 22:30:00,2018/10/28 02:38:00,2018/10/29 02:49:00,2018/10/29 06:10:00,MAERSK LABERINTO,1624,"32,72",NEO BOSSA,MAE,BTP 3
2018/10/18 13:00:00,2018/10/18 12:00:00,2018/10/18 13:15:00,2018/10/18 13:25:00,2018/10/18 15:48:00,2018/10/19 20:01:00,2018/10/20 11:10:00,MOL ANCHORAGE,2405,"31,21",IPANE-ASAS,ONE,BTP 1
2018/12/02 01:00:00,2018/12/02 05:00:00,2018/12/02 08:00:00,2018/12/02 08:08:00,2018/12/02 09:50:00,2018/12/03 09:39:00,2018/12/03 11:15:00,MAERSK LAGUNA,2187,"31,38",IPANE-ASAS,MAE,BTP 3
2018/11/28 07:00:00,2018/11/28 18:00:00,2018/11/28 20:00:00,2018/11/28 19:50:00,2018/11/28 21:03:00,2018/11/29 07:38:00,2018/11/29 16:35:00,MSC AZOV,1579,"36,72",WMED,MSC,BTP 2
2018/11/01 07:00:00,2018/11/01 01:00:00,2018/11/01 04:30:00,2018/11/01 04:40:00,2018/11/01 06:26:00,2018/11/01 19:59:00,2018/11/01 23:10:00,UASC AL KHOR,1137,34,NWC1,HLC,BTP 1
2018/10/25 07:00:00,2018/10/25 20:00:00,2018/10/25 22:00:00,2018/10/25 22:20:00,2018/10/26 04:13:00,2018/10/26 15:36:00,2018/10/26 17:10:00,MSC BRUNELLA,898,"36,98",NWC1,MSC,BTP 3
2018/10/19 19:00:00,2018/10/19 04:00:00,2018/10/19 06:00:00,2018/10/19 05:53:00,2018/10/19 07:46:00,2018/10/19 22:31:00,2018/10/19 23:18:00,MSC CADIZ,941,"34,71",USA-STRING,MSC,BTP 2
2019/02/17 13:00:00,2019/02/18 01:00:00,2019/02/17 23:30:00,2019/02/18 02:35:00,2019/02/18 03:46:00,2019/02/18 18:31:00,2019/02/18 21:20:00,MSC MICHAELA,1143,"34,73",UCLA,MSC,BTP 2
2019/02/05 19:00:00,2019/02/05 12:00:00,2019/02/05 17:30:00,2019/02/05 17:45:00,2019/02/05 19:42:00,2019/02/06 15:30:00,2019/02/06 17:47:00,HUNGARY,1765,"26,66",NWC1,HLC,BTP 2
2019/03/10 01:00:00,2019/03/09 06:48:00,2019/03/09 19:00:00,2019/03/09 15:25:00,2019/03/09 19:19:00,2019/03/10 06:31:00,2019/03/10 09:39:00,CMA CGM RIO GRANDE,1171,"30,79",NEO BOSSA,CMA,BTP 2
2019/01/22 19:00:00,2019/01/22 05:30:00,2019/01/22 11:00:00,2019/01/22 10:55:00,2019/01/22 12:13:00,2019/01/23 00:15:00,2019/01/23 01:48:00,UASC UMM QASR,1281,"37,18",NWC1,HLC,BTP 1
2019/02/09 19:00:00,2019/02/09 01:30:00,2019/02/09 12:00:00,2019/02/09 12:40:00,2019/02/09 14:00:00,2019/02/10 03:41:00,2019/02/10 10:47:00,LOG-IN RESILIENTE,1544,"43,73",VITORIA,MSC,BTP 1
2019/03/15 13:00:00,2019/03/13 21:34:00,2019/03/14 21:30:00,2019/03/14 21:05:00,2019/03/15 00:06:00,2019/03/16 02:18:00,2019/03/16 02:40:00,MOL BEAUTY,2304,"32,27",IPANE-ASAS,ONE,BTP 1
2019/02/19 19:00:00,2019/02/19 03:00:00,2019/02/19 08:00:00,2019/02/19 07:55:00,2019/02/19 09:38:00,2019/02/20 06:47:00,2019/02/20 09:20:00,UASC AL KHOR,1863,"29,89",NWC1,HLC,BTP 2
2019/03/08 13:00:00,2019/03/06 10:18:00,2019/03/08 00:00:00,2019/03/08 04:20:00,2019/03/08 07:54:00,2019/03/09 03:18:00,2019/03/09 06:13:00,SANTOS EXPRESS,1866,"31,75",IPANE-ASAS,HLC,BTP 2
2019/02/21 07:00:00,2019/02/21 05:00:00,2019/02/21 06:00:00,2019/02/21 06:39:00,2019/02/21 08:04:00,2019/02/21 23:04:00,2019/02/22 01:16:00,HUNGARY,1137,"30,64",NWC1,HLC,BTP 2
2019/02/12 01:00:00,2019/02/11 07:00:00,2019/02/11 13:15:00,2019/02/11 13:31:00,2019/02/11 14:41:00,2019/02/12 01:32:00,2019/02/12 06:10:00,MSC ADELAIDE,1276,"35,2",WMED,MSC,BTP 2
2019/02/04 07:00:00,2019/02/04 04:01:00,2019/02/04 06:00:00,2019/02/04 06:15:00,2019/02/04 09:37:00,2019/02/04 17:47:00,2019/02/04 19:05:00,MSC MARTA,442,"36,88",USA-STRING,MSC,BTP 3
2019/01/27 01:00:00,2019/01/26 00:00:00,2019/01/26 23:00:00,2019/01/26 23:20:00,2019/01/27 02:55:00,2019/01/28 02:03:00,2019/01/28 06:07:00,CMA CGM LITANI,1711,"29,28",NEO BOSSA,CMA,BTP 3
2019/01/02 07:00:00,2019/01/02 03:00:00,2019/01/02 07:00:00,2019/01/02 06:45:00,2019/01/02 07:50:00,2019/01/02 19:27:00,2019/01/03 00:45:00,MSC VITA,1295,"36,45",WMED,MSC,BTP 1
2019/03/24 13:00:00,2019/03/27 06:00:00,2019/03/27 08:00:00,2019/03/27 07:50:00,2019/03/27 08:55:00,2019/03/27 16:28:00,2019/03/27 23:15:00,MONTE CERVANTES,1006,"41,97",UCLA,MAE,BTP 2
2019/01/14 07:00:00,2019/01/14 04:00:00,2019/01/14 06:00:00,2019/01/14 05:30:00,2019/01/14 08:45:00,2019/01/14 20:18:00,2019/01/14 22:40:00,CONTI LYON,830,"35,38",USA-STRING,MSC,BTP 3
2019/01/11 16:00:00,2019/01/12 01:22:00,2019/01/12 18:00:00,2019/01/12 18:06:00,2019/01/13 06:43:00,2019/01/13 23:50:00,2019/01/14 06:40:00,CMA CGM RIO GRANDE,1945,"30,27",NEO BOSSA,CMA,BTP 1
2018/11/19 07:00:00,2018/11/19 05:30:00,2018/11/19 06:00:00,2018/11/19 07:05:00,2018/11/19 08:24:00,2018/11/19 18:00:00,2018/11/20 00:10:00,CONTI LYON,844,"36,1",USA-STRING,MSC,BTP 1
2018/11/16 19:00:00,2018/11/15 19:42:00,2018/11/16 01:00:00,2018/11/16 03:00:00,2018/11/16 06:13:00,2018/11/16 18:53:00,2018/11/16 20:40:00,MSC MARIANNA,1155,"34,95",USA-STRING,MSC,BTP 3
2018/11/13 19:00:00,2018/11/13 01:20:00,2018/11/13 04:14:00,2018/11/13 07:30:00,2018/11/13 08:32:00,2018/11/13 20:01:00,2018/11/13 21:37:00,MSC LILY,1529,"37,27",NWC1,MSC,BTP 1
2018/10/13 19:00:00,2018/10/13 20:00:00,2018/10/13 21:30:00,2018/10/13 21:50:00,2018/10/13 23:17:00,2018/10/14 17:08:00,2018/10/14 20:10:00,MSC SARA ELENA,2258,"32,97",IPANE-ASAS,MSC,BTP 2
2018/11/25 01:00:00,2018/11/24 02:44:00,2018/11/24 15:00:00,2018/11/24 14:45:00,2018/11/24 20:43:00,2018/11/25 14:12:00,2018/11/25 17:38:00,MAERSK LABREA,1547,"32,88",NEO BOSSA,MAE,BTP 2
2018/11/18 01:00:00,2018/11/17 03:12:00,2018/11/17 10:30:00,2018/11/17 12:05:00,2018/11/18 02:58:00,2018/11/19 10:43:00,2018/11/19 12:40:00,CMA CGM RIO GRANDE,2034,"32,73",NEO BOSSA,CMA,BTP 2
2018/11/14 19:00:00,2018/11/14 17:00:00,2018/11/14 21:15:00,2018/11/14 21:25:00,2018/11/14 23:22:00,2018/11/15 05:40:00,2018/11/15 07:40:00,VICENTE PINZON,294,"33,96",ALCT2,ALI,BTP 3
2018/01/01 00:00:00,2018/11/08 02:00:00,2018/11/08 05:00:00,2018/11/08 04:42:00,2018/11/08 08:42:00,2018/11/08 16:51:00,2018/11/08 18:40:00,MSC ALABAMA,411,"31,02",EXTRA CALL,MSC,BTP 2
2018/10/19 13:00:00,2018/10/21 14:00:00,2018/10/21 16:30:00,2018/10/21 16:15:00,2018/10/21 18:27:00,2018/10/22 00:03:00,2018/10/22 02:11:00,FERNÃO DE MAGALHÃES,274,"35,03",ALCT2,ALI,BTP 3
2018/12/25 01:00:00,2018/12/23 09:00:00,2018/12/23 11:00:00,2018/12/23 11:40:00,2018/12/23 13:18:00,2018/12/24 07:48:00,2018/12/24 11:15:00,MSC AMALFI,1738,"35,14",WMED,MSC,BTP 1
2018/12/22 13:00:00,2018/12/21 13:40:00,2018/12/22 10:15:00,2018/12/22 05:52:00,2018/12/22 10:40:00,2018/12/22 17:51:00,2018/12/22 19:18:00,LOG-IN RESILIENTE,412,"46,71",VITORIA,MSC,BTP 3
2018/12/09 01:00:00,2018/12/08 09:30:00,2018/12/08 16:00:00,2018/12/08 15:25:00,2018/12/08 16:55:00,2018/12/09 04:01:00,2018/12/09 14:40:00,MAERSK LINS,1117,"35,36",NEO BOSSA,MAE,BTP 2
2019/01/26 01:00:00,2019/01/25 05:00:00,2019/01/25 08:30:00,2019/01/25 08:30:00,2019/01/25 10:09:00,2019/01/25 23:42:00,2019/01/26 02:40:00,CMA CGM MAGDALENA,1352,"34,74",NEO BOSSA,CMA,BTP 2
2019/01/10 13:00:00,2019/01/08 12:58:00,2019/01/10 10:00:00,2019/01/10 10:08:00,2019/01/10 14:01:00,2019/01/10 23:11:00,2019/01/11 02:15:00,GRASMERE MAERSK,704,"30,23",IPANE-ASAS,MAE,BTP 1
2019/01/02 07:00:00,2019/01/09 13:30:00,2019/01/09 15:30:00,2019/01/09 14:55:00,2019/01/09 16:25:00,2019/01/09 22:34:00,2019/01/10 00:05:00,MONTE SARMIENTO,401,"37,13",ALCT2,ALI,BTP 1
2019/02/01 13:00:00,2019/02/01 16:00:00,2019/02/01 20:00:00,2019/02/01 19:52:00,2019/02/01 21:15:00,2019/02/02 09:15:00,2019/02/02 10:06:00,MSC CADIZ,1049,"32,58",UCLA,MSC,BTP 3
2019/03/19 13:00:00,2019/03/21 02:00:00,2019/03/21 03:30:00,2019/03/21 03:40:00,2019/03/21 05:39:00,2019/03/21 23:17:00,2019/03/22 01:40:00,MSC LILY,1699,"32,12",NWC1,MSC,BTP 1
2019/03/29 01:00:00,2019/04/01 03:00:00,2019/04/01 09:00:00,2019/04/01 09:09:00,2019/04/01 10:58:00,2019/04/02 00:32:00,2019/04/02 02:14:00,CATHERINE C,849,"33,93",USA-STRING,MSC,BTP 1
2018/12/02 01:00:00,2018/12/01 21:00:00,2018/12/01 23:00:00,2018/12/01 23:05:00,2018/12/02 03:47:00,2018/12/02 23:38:00,2018/12/03 00:41:00,CMA CGM LITANI,1439,"27,35",NEO BOSSA,CMA,BTP 2
2018/11/28 19:00:00,2018/11/21 14:00:00,2018/11/21 16:00:00,2018/11/21 15:44:00,2018/11/21 17:22:00,2018/11/21 20:56:00,2018/11/21 23:20:00,MONTE SARMIENTO,288,"44,02",ALCT2,ALI,BTP 1
2018/10/13 19:00:00,2018/10/12 18:00:00,2018/10/12 19:00:00,2018/10/12 19:35:00,2018/10/12 21:16:00,2018/10/13 08:15:00,2018/10/13 09:22:00,MAERSK LABERINTO,1391,"34,97",NEO BOSSA,MAE,BTP 2
2019/03/25 01:00:00,2019/03/24 20:00:00,2019/03/24 23:00:00,2019/03/24 21:53:00,2019/03/25 00:10:00,2019/03/25 22:22:00,2019/03/25 23:40:00,MSC GIULIA,2490,"32,26",IPANE-ASAS,MSC,BTP 1
2019/03/19 01:00:00,2019/03/18 10:00:00,2019/03/18 13:30:00,2019/03/18 13:35:00,2019/03/18 14:51:00,2019/03/19 04:40:00,2019/03/19 07:50:00,MSC MELINE,1714,"35,15",WMED,MSC,BTP 2
2019/03/15 19:00:00,2019/03/16 08:30:00,2019/03/16 13:00:00,2019/03/16 13:55:00,2019/03/16 15:50:00,2019/03/17 04:22:00,2019/03/17 05:42:00,MONTE PASCOAL,767,"32,78",UCLA,MAE,BTP 1
2019/03/29 19:00:00,2019/03/30 23:48:00,2019/03/31 11:30:00,2019/03/31 11:31:00,2019/03/31 13:32:00,2019/04/01 00:02:00,2019/04/01 03:15:00,MONTE CERVANTES,1121,"37,64",UCLA,MAE,BTP 3
2019/03/12 19:00:00,2019/03/13 05:12:00,2019/03/13 19:00:00,2019/03/13 18:25:00,2019/03/13 20:00:00,2019/03/14 02:41:00,2019/03/14 05:07:00,ALIANÇA MANAUS,189,"30,13",ALCT3,ALI,BTP 3
2019/03/09 13:00:00,2019/03/07 19:00:00,2019/03/07 23:00:00,2019/03/07 23:10:00,2019/03/08 00:28:00,2019/03/08 05:33:00,2019/03/08 07:14:00,VICENTE PINZON,213,"27,93",ALCT2,ALI,BTP 3
2019/01/01 07:00:00,2019/03/05 12:00:00,2019/03/05 14:00:00,2019/03/05 13:55:00,2019/03/05 15:33:00,2019/03/06 10:29:00,2019/03/06 11:35:00,MSC ARICA,1740,"32,23",NWC1,MSC,BTP 2
2019/02/26 19:00:00,2019/02/26 15:00:00,2019/02/27 02:45:00,2019/02/27 02:40:00,2019/02/27 04:21:00,2019/02/28 00:37:00,2019/02/28 10:58:00,MSC PALAK,2248,"31,5",NWC1,MSC,BTP 1
2019/01/08 19:00:00,2019/01/08 04:00:00,2019/01/08 07:00:00,2019/01/08 05:50:00,2019/01/08 07:42:00,2019/01/08 18:41:00,2019/01/08 23:40:00,UASC ZAMZAM,1480,"32,87",NWC1,HLC,BTP 2
2019/03/22 19:00:00,2019/03/22 21:00:00,2019/03/23 00:00:00,2019/03/22 23:20:00,2019/03/23 01:43:00,2019/03/23 12:20:00,2019/03/23 17:40:00,MSC CADIZ,655,"34,18",UCLA,MSC,BTP 3
2019/02/20 19:00:00,2019/02/19 06:15:00,2019/02/19 23:00:00,2019/02/19 14:30:00,2019/02/20 01:33:00,2019/02/20 05:54:00,2019/02/20 11:15:00,MONTE SARMIENTO,140,"33,63",ALCT2,ALI,BTP 3
2019/02/10 13:00:00,2019/02/10 05:30:00,2019/02/10 08:00:00,2019/02/10 07:31:00,2019/02/10 09:00:00,2019/02/10 20:33:00,2019/02/10 22:45:00,MONTE VERDE,1395,"34,56",UCLA,HAM,BTP 2
2019/01/25 07:00:00,2019/01/26 14:30:00,2019/01/26 16:00:00,2019/01/26 16:04:00,2019/01/26 17:50:00,2019/01/27 03:08:00,2019/01/27 04:40:00,E.R. FRANCE,882,"34,78",WMED,MSC,BTP 1
2018/12/30 01:00:00,2018/12/30 23:00:00,2018/12/31 02:15:00,2018/12/31 01:30:00,2018/12/31 02:15:00,2019/01/01 11:09:00,2019/01/01 13:07:00,CZECH,1934,"29,57",IPANE-ASAS,ONE,BTP 3
2019/03/30 01:00:00,2019/03/29 14:30:00,2019/03/29 21:00:00,2019/03/29 20:30:00,2019/03/29 21:50:00,2019/03/30 12:34:00,2019/03/30 16:25:00,MAERSK LABERINTO,1015,"39,09",NEO BOSSA,MAE,BTP 2
2019/01/15 19:00:00,2019/01/14 23:00:00,2019/01/15 01:30:00,2019/01/15 02:05:00,2019/01/15 03:41:00,2019/01/15 15:16:00,2019/01/15 17:10:00,MSC LILY,1291,"32,37",NWC1,MSC,BTP 3
2019/01/04 19:00:00,2019/01/03 17:00:00,2019/01/03 23:00:00,2019/01/03 23:34:00,2019/01/04 01:36:00,2019/01/04 12:25:00,2019/01/04 16:38:00,MSC ORIANE,770,"38,71",USA-STRING,MSC,BTP 2
2019/03/17 01:00:00,2019/03/16 09:00:00,2019/03/17 00:00:00,2019/03/17 02:07:00,2019/03/17 03:41:00,2019/03/17 15:46:00,2019/03/17 18:43:00,MAERSK LABREA,1159,"34,81",NEO BOSSA,MAE,BTP 2
2019/02/26 19:00:00,2019/02/26 09:50:00,2019/02/27 18:00:00,2019/02/27 18:46:00,2019/02/27 21:15:00,2019/02/28 04:54:00,2019/02/28 08:07:00,ALIANÇA MANAUS,292,"32,24",ALCT3,ALI,BTP 3
2019/02/15 13:00:00,2019/02/18 04:00:00,2019/02/18 08:00:00,2019/02/18 07:40:00,2019/02/18 14:39:00,2019/02/19 05:50:00,2019/02/19 08:35:00,MSC ORIANE,1080,"36,32",USA-STRING,MSC,BTP 3
2019/03/14 07:00:00,2019/03/14 07:00:00,2019/03/14 10:00:00,2019/03/14 09:30:00,2019/03/14 11:06:00,2019/03/14 23:17:00,2019/03/15 01:45:00,MSC PALAK,1042,"32,79",NWC1,MSC,BTP 2
2019/03/12 01:00:00,2019/03/11 13:13:00,2019/03/11 22:00:00,2019/03/11 22:15:00,2019/03/12 02:01:00,2019/03/13 01:15:00,2019/03/13 05:11:00,MSC VITA,1456,"34,48",WMED,MSC,BTP 2
2018/12/14 07:00:00,2018/12/14 16:48:00,2018/12/15 05:40:00,2018/12/15 05:40:00,2018/12/15 07:37:00,2018/12/16 02:50:00,2018/12/16 08:50:00,STELLAR WILLEMSTADT,1302,"37,59",VITORIA,MSC,BTP 1
2018/12/11 19:00:00,2018/12/12 23:30:00,2018/12/13 02:00:00,2018/12/13 02:08:00,2018/12/13 03:54:00,2018/12/13 22:13:00,2018/12/14 01:50:00,MSC BRUNELLA,1411,"29,93",NWC1,MSC,BTP 2
2018/11/20 01:00:00,2018/11/19 19:00:00,2018/11/19 21:30:00,2018/11/19 20:21:00,2018/11/19 22:27:00,2018/11/20 14:32:00,2018/11/20 15:43:00,MSC VITA,2134,"36,69",WMED,MSC,BTP 2
2018/12/19 19:00:00,2018/12/19 13:30:00,2018/12/19 16:30:00,2018/12/19 15:48:00,2018/12/19 16:59:00,2018/12/19 20:34:00,2018/12/20 02:13:00,FERNÃO DE MAGALHÃES,395,"40,8",ALCT2,ALI,BTP 1
2018/12/12 19:00:00,2018/12/12 15:40:00,2018/12/12 21:30:00,2018/12/12 20:55:00,2018/12/12 22:04:00,2018/12/13 02:20:00,2018/12/13 04:25:00,MONTE SARMIENTO,327,37,ALCT2,ALI,BTP 3
2019/01/18 19:00:00,2019/01/18 00:30:00,2019/01/18 03:00:00,2019/01/18 03:00:00,2019/01/18 04:29:00,2019/01/18 11:46:00,2019/01/18 14:09:00,BUXCOAST,588,"35,89",USA-STRING,MSC,BTP 2
2019/01/16 07:00:00,2019/01/17 09:00:00,2019/01/17 13:15:00,2019/01/17 11:33:00,2019/01/17 14:05:00,2019/01/18 06:05:00,2019/01/18 07:40:00,MSC AGADIR,1503,"36,46",WMED,MSC,BTP 1
2019/02/08 19:00:00,2019/02/08 11:00:00,2019/02/08 12:30:00,2019/02/08 12:30:00,2019/02/08 14:44:00,2019/02/09 00:12:00,2019/02/09 02:10:00,MONTE CERVANTES,687,"31,53",UCLA,MAE,BTP 2
2019/01/22 01:00:00,2019/01/21 22:00:00,2019/01/22 00:30:00,2019/01/21 23:58:00,2019/01/22 02:57:00,2019/01/22 14:38:00,2019/01/22 17:42:00,MSC MELINE,1168,"31,83",WMED,MSC,BTP 2
2019/02/04 01:00:00,2019/02/03 20:00:00,2019/02/03 23:00:00,2019/02/03 23:00:00,2019/02/04 03:00:00,2019/02/04 21:40:00,2019/02/04 23:45:00,MOL BEACON,2450,"32,6",IPANE-ASAS,ONE,BTP 2
2019/02/06 19:00:00,2019/02/07 23:00:00,2019/02/08 01:00:00,2019/02/08 00:25:00,2019/02/08 01:40:00,2019/02/08 11:29:00,2019/02/08 16:20:00,FERNÃO DE MAGALHÃES,424,"33,01",ALCT2,ALI,BTP 3
2018/11/21 19:00:00,2018/11/22 07:30:00,2018/11/22 09:00:00,2018/11/22 09:05:00,2018/11/22 10:35:00,2018/11/23 04:53:00,2018/11/23 07:36:00,RIO MADEIRA,1893,"31,88",EXTRA CALL,MAE,BTP 1
2018/12/04 01:00:00,2018/12/02 07:30:00,2018/12/03 15:00:00,2018/12/03 18:40:00,2018/12/03 20:19:00,2018/12/04 13:26:00,2018/12/04 15:10:00,MSC AGADIR,1842,"33,62",WMED,MSC,BTP 3
2018/01/01 00:00:00,2018/11/08 01:00:00,2018/11/08 04:00:00,2018/11/08 04:14:00,2018/11/08 06:21:00,2018/11/08 17:17:00,2018/11/08 19:45:00,MSC PALAK,917,"31,53",NWC1,MSC,BTP 3
2018/11/07 07:00:00,2018/11/07 00:45:00,2018/11/07 09:30:00,2018/11/07 10:06:00,2018/11/07 11:22:00,2018/11/07 21:16:00,2018/11/07 23:40:00,MSC VITA,1092,"33,43",WMED,MSC,BTP 3
2018/10/24 07:00:00,2018/10/25 19:00:00,2018/10/25 21:00:00,2018/10/25 21:07:00,2018/10/25 23:04:00,2018/10/26 10:23:00,2018/10/26 11:40:00,CSAV TRAIGUEN,1007,"35,16",WMED,HLC,BTP 2
2019/03/24 01:00:00,2019/03/23 13:00:00,2019/03/23 18:15:00,2019/03/23 15:37:00,2019/03/23 19:39:00,2019/03/24 10:25:00,2019/03/24 12:14:00,CMA CGM LITANI,1066,"31,35",NEO BOSSA,CMA,BTP 2
2019/01/31 07:00:00,2019/01/30 22:24:00,2019/01/31 04:45:00,2019/01/31 09:45:00,2019/01/31 11:24:00,2019/02/01 00:55:00,2019/02/01 02:35:00,MSC LILY,995,"32,37",NWC1,MSC,BTP 1
2019/03/13 19:00:00,2019/03/13 00:05:00,2019/03/13 11:00:00,2019/03/13 10:35:00,2019/03/13 12:24:00,2019/03/13 18:40:00,2019/03/14 01:45:00,MONTE SARMIENTO,212,"32,94",ALCT2,ALI,BTP 2
2019/01/10 16:00:00,2019/01/10 23:12:00,2019/01/11 07:00:00,2019/01/11 05:55:00,2019/01/11 08:01:00,2019/01/11 17:12:00,2019/01/11 18:00:00,MSC MARIANNA,692,"35,46",USA-STRING,MSC,BTP 3
2019/03/18 07:00:00,2019/03/20 19:30:00,2019/03/20 21:00:00,2019/03/20 21:00:00,2019/03/20 23:00:00,2019/03/21 10:42:00,2019/03/21 11:45:00,CATHERINE C,1018,"30,79",USA-STRING,MSC,BTP 2
2018/01/01 00:00:00,2019/01/16 12:00:00,2019/01/16 15:00:00,2019/01/16 14:20:00,2019/01/16 15:26:00,2019/01/16 20:09:00,2019/01/16 23:50:00,FERNÃO DE MAGALHÃES,437,"37,16",ALCT2,ALI,BTP 1
2019/01/03 07:00:00,2019/01/03 02:00:00,2019/01/03 04:00:00,2019/01/03 04:04:00,2019/01/03 07:29:00,2019/01/03 19:30:00,2019/01/03 20:14:00,UASC AL KHOR,683,"32,04",NWC1,HLC,BTP 1
2019/03/26 19:00:00,2019/03/26 11:00:00,2019/03/26 13:00:00,2019/03/26 12:31:00,2019/03/26 14:33:00,2019/03/27 06:05:00,2019/03/27 09:20:00,UASC UMM QASR,1687,"34,5",NWC1,HLC,BTP 1
2019/03/05 01:00:00,2019/03/03 12:48:00,2019/03/04 02:00:00,2019/03/04 01:50:00,2019/03/04 03:28:00,2019/03/04 20:03:00,2019/03/04 23:50:00,MSC NERISSA,889,"29,05",WMED,MSC,BTP 1
2019/03/30 19:00:00,2019/03/30 06:00:00,2019/03/30 13:00:00,2019/03/30 14:52:00,2019/03/30 15:56:00,2019/03/31 05:09:00,2019/03/31 08:25:00,LOG-IN RESILIENTE,1291,"39,03",VITORIA,MSC,BTP 3
2019/03/25 07:00:00,2019/03/26 10:00:00,2019/03/26 11:00:00,2019/03/26 11:07:00,2019/03/26 13:24:00,2019/03/26 19:55:00,2019/03/27 00:52:00,MSC LUDOVICA,599,"34,05",USA-STRING,MSC,BTP 3
2019/02/14 07:00:00,2019/02/14 03:30:00,2019/02/14 05:00:00,2019/02/14 05:30:00,2019/02/14 07:37:00,2019/02/14 20:01:00,2019/02/15 05:45:00,MSC ELODIE,1061,"31,73",NWC1,MSC,BTP 1
2018/12/08 01:00:00,2018/12/07 14:00:00,2018/12/07 17:00:00,2018/12/07 15:30:00,2018/12/07 16:58:00,2018/12/08 00:44:00,2018/12/08 07:20:00,MAERSK LABERINTO,844,"35,02",NEO BOSSA,MAE,BTP 2
2018/01/01 00:00:00,2018/11/23 11:40:00,2018/11/24 10:30:00,2018/11/24 12:50:00,2018/11/24 13:52:00,2018/11/25 06:02:00,2018/11/25 07:45:00,STELLAR WILLEMSTADT,1289,"43,46",VITORIA,MSC,BTP 1
2018/11/22 07:00:00,2018/11/22 13:30:00,2018/11/22 15:30:00,2018/11/22 15:05:00,2018/11/22 16:55:00,2018/11/23 08:54:00,2018/11/23 12:44:00,UASC ZAMZAM,892,"35,68",NWC1,HLC,BTP 2
2018/12/16 01:00:00,2018/12/15 23:00:00,2018/12/16 01:00:00,2018/12/16 00:25:00,2018/12/16 02:40:00,2018/12/16 14:48:00,2018/12/16 18:38:00,CROATIA,1275,"34,32",IPANE-ASAS,ONE,BTP 2
2018/12/11 01:00:00,2018/12/09 21:30:00,2018/12/10 00:00:00,2018/12/09 23:05:00,2018/12/10 01:17:00,2018/12/10 23:08:00,2018/12/11 07:40:00,MSC AZOV,2302,"34,54",WMED,MSC,BTP 2
2018/12/28 19:00:00,2018/12/27 13:18:00,2018/12/28 01:30:00,2018/12/28 03:12:00,2018/12/28 04:38:00,2018/12/29 06:16:00,2018/12/29 07:43:00,AGIOS DIMITRIOS,1430,"33,15",USA-STRING,MSC,BTP 3
2019/03/01 19:00:00,2019/03/01 14:30:00,2019/03/01 16:00:00,2019/03/01 16:01:00,2019/03/01 17:52:00,2019/03/02 10:21:00,2019/03/02 14:40:00,MONTE OLIVIA,932,"29,6",UCLA,HAM,BTP 3
2019/01/18 13:00:00,2019/01/21 01:00:00,2019/01/21 05:15:00,2019/01/21 03:25:00,2019/01/21 04:56:00,2019/01/22 00:12:00,2019/01/22 01:18:00,MSC GISELLE,2192,"31,67",IPANE-ASAS,MSC,BTP 1
2019/01/27 01:00:00,2019/01/28 17:30:00,2019/01/28 20:30:00,2019/01/28 21:37:00,2019/01/28 22:54:00,2019/01/29 22:59:00,2019/01/30 03:27:00,CAPE ARTEMISIO,2738,"31,48",IPANE-ASAS,HLC,BTP 1
2019/02/23 01:00:00,2019/02/22 17:00:00,2019/02/22 22:30:00,2019/02/22 22:49:00,2019/02/23 00:00:00,2019/02/23 18:41:00,2019/02/23 19:45:00,CMA CGM RIO GRANDE,1775,"30,22",NEO BOSSA,CMA,BTP 2
2018/01/01 00:00:00,2018/11/10 22:00:00,2018/11/11 00:00:00,2018/11/11 00:27:00,2018/11/11 02:54:00,2018/11/11 18:59:00,2018/11/12 01:09:00,MAERSK LETICIA,1850,"36,01",IPANE-ASAS,MAE,BTP 2
2018/12/27 07:00:00,2018/12/30 20:30:00,2018/12/30 23:00:00,2018/12/30 22:30:00,2018/12/31 00:15:00,2018/12/31 18:04:00,2018/12/31 18:50:00,MSC BRUNELLA,1053,"29,86",NWC1,MSC,BTP 2
2018/12/31 19:00:00,2018/12/25 08:00:00,2018/12/27 09:45:00,2018/12/27 07:24:00,2018/12/27 15:57:00,2018/12/28 06:14:00,2018/12/28 07:39:00,ALDEBARAN,1111,"30,17",EXTRA CALL,MAE,BTP 2
2018/10/23 01:00:00,2018/10/22 06:00:00,2018/10/22 08:00:00,2018/10/22 07:35:00,2018/10/22 08:35:00,2018/10/23 04:30:00,2018/10/23 11:10:00,MSC ADELAIDE,1749,"32,97",WMED,MSC,BTP 1
2018/10/11 01:00:00,2018/10/12 02:30:00,2018/10/12 04:00:00,2018/10/12 03:55:00,2018/10/12 08:43:00,2018/10/12 21:01:00,2018/10/12 23:10:00,MSC ELODIE,954,"35,63",NWC1,MSC,BTP 3
2018/10/11 13:00:00,2018/10/11 01:30:00,2018/10/11 03:00:00,2018/10/11 03:30:00,2018/10/11 05:13:00,2018/10/12 09:51:00,2018/10/12 15:30:00,MSC GIULIA,2778,"30,21",IPANE-ASAS,MSC,BTP 1
2019/02/24 01:00:00,2019/02/23 05:00:00,2019/02/23 13:00:00,2019/02/23 09:15:00,2019/02/23 18:08:00,2019/02/24 07:19:00,2019/02/24 10:25:00,MAERSK LAMANAI,1019,"32,31",NEO BOSSA,MAE,BTP 3
2019/02/15 01:00:00,2019/02/14 22:30:00,2019/02/15 12:00:00,2019/02/15 11:35:00,2019/02/15 13:09:00,2019/02/16 00:12:00,2019/02/16 03:00:00,MSC MARTA,880,"34,03",USA-STRING,MSC,BTP 3
2019/01/29 13:00:00,2019/01/30 04:39:00,2019/01/30 09:00:00,2019/01/30 09:05:00,2019/01/30 11:14:00,2019/01/31 01:18:00,2019/01/31 03:10:00,MSC ADELAIDE,1217,"38,77",WMED,MSC,BTP 1
2019/03/05 19:00:00,2019/03/05 21:24:00,2019/03/06 02:00:00,2019/03/06 02:00:00,2019/03/06 04:31:00,2019/03/06 14:36:00,2019/03/06 16:05:00,NORDAMELIA,263,"26,86",ALCT3,ALI,BTP 3
2019/03/01 01:00:00,2019/03/02 11:20:00,2019/03/03 00:30:00,2019/03/03 00:00:00,2019/03/03 02:19:00,2019/03/03 13:55:00,2019/03/03 17:08:00,MSC ORIANE,978,"34,21",USA-STRING,MSC,BTP 1
2019/02/26 01:00:00,2019/02/25 02:54:00,2019/02/25 19:00:00,2019/02/25 19:10:00,2019/02/25 21:06:00,2019/02/26 20:36:00,2019/02/26 23:20:00,CSAV TRAIGUEN,1997,"31,81",WMED,HLC,BTP 2
2019/01/04 13:00:00,2019/01/05 14:30:00,2019/01/06 01:30:00,2019/01/06 01:15:00,2019/01/06 02:42:00,2019/01/06 11:34:00,2019/01/06 14:30:00,LOG-IN RESILIENTE,632,"39,99",VITORIA,MSC,BTP 2
2019/03/17 13:00:00,2019/03/17 02:30:00,2019/03/17 06:00:00,2019/03/17 10:32:00,2019/03/17 11:54:00,2019/03/18 03:06:00,2019/03/18 06:17:00,MSC CADIZ,1529,"36,84",UCLA,MSC,BTP 1
2019/01/24 07:00:00,2019/01/25 17:40:00,2019/01/26 02:00:00,2019/01/26 01:28:00,2019/01/26 03:12:00,2019/01/26 17:12:00,2019/01/26 18:14:00,UASC ZAMZAM,993,"32,72",NWC1,HLC,BTP 3
2019/01/25 19:00:00,2019/01/25 03:00:00,2019/01/25 07:30:00,2019/01/25 07:45:00,2019/01/25 08:46:00,2019/01/25 18:49:00,2019/01/25 21:02:00,CONTI LYON,632,"34,46",USA-STRING,MSC,BTP 3
2019/03/12 19:00:00,2019/03/12 15:00:00,2019/03/13 09:00:00,2019/03/13 09:46:00,2019/03/13 11:48:00,2019/03/14 02:59:00,2019/03/14 05:38:00,UASC ZAMZAM,1521,"30,31",NWC1,HLC,BTP 1
2019/03/16 19:00:00,2019/03/16 02:50:00,2019/03/16 07:00:00,2019/03/16 07:30:00,2019/03/16 08:59:00,2019/03/17 05:12:00,2019/03/17 06:51:00,LOG-IN RESILIENTE,2089,"41,52",VITORIA,MSC,BTP 3
2019/03/11 07:00:00,2019/03/11 02:42:00,2019/03/11 11:00:00,2019/03/11 11:12:00,2019/03/11 13:15:00,2019/03/12 00:49:00,2019/03/12 06:13:00,CONTI LYON,1322,"44,36",USA-STRING,MSC,BTP 3
2019/01/08 01:00:00,2019/01/07 02:00:00,2019/01/07 03:30:00,2019/01/07 03:30:00,2019/01/07 04:36:00,2019/01/07 14:18:00,2019/01/07 16:40:00,MSC AJACCIO,643,"33,91",WMED,MSC,BTP 2
2019/04/01 01:00:00,2019/03/31 23:00:00,2019/04/01 01:00:00,2019/04/01 02:09:00,2019/04/01 03:53:00,2019/04/01 22:53:00,2019/04/02 01:13:00,CZECH,1968,"34,19",IPANE-ASAS,ONE,BTP 2
2019/03/16 01:00:00,2019/03/15 23:00:00,2019/03/16 01:00:00,2019/03/16 01:01:00,2019/03/16 03:53:00,2019/03/16 16:38:00,2019/03/16 18:48:00,MAERSK LOTA,1457,"36,37",NEO BOSSA,MAE,BTP 2
2019/04/01 07:00:00,2019/04/01 06:52:00,2019/04/02 00:30:00,2019/04/02 00:23:00,2019/04/02 02:11:00,2019/04/02 15:58:00,2019/04/02 20:35:00,MSC MARTA,1633,"38,22",USA-STRING,MSC,BTP 3
2019/03/09 01:00:00,2019/03/08 04:11:00,2019/03/08 18:00:00,2019/03/08 16:50:00,2019/03/08 19:37:00,2019/03/09 04:49:00,2019/03/09 06:43:00,CMA CGM LITANI,664,"31,45",NEO BOSSA,CMA,BTP 3
2018/12/03 07:00:00,2018/12/03 04:00:00,2018/12/03 08:00:00,2018/12/03 05:35:00,2018/12/03 08:10:00,2018/12/03 15:26:00,2018/12/03 19:55:00,MSC CADIZ,448,"33,5",USA-STRING,MSC,BTP 2
2018/10/30 09:00:00,2018/10/30 07:00:00,2018/10/30 09:00:00,2018/10/30 09:10:00,2018/10/30 10:42:00,2018/10/30 23:11:00,2018/10/31 02:05:00,MSC MARGARITA,863,"38,45",USA-STRING,MSC,BTP 3
2018/11/21 07:00:00,2018/11/21 01:00:00,2018/11/21 03:00:00,2018/11/21 03:00:00,2018/11/21 04:03:00,2018/11/21 10:05:00,2018/11/21 16:44:00,MSC AGADIR,763,"38,14",WMED,MSC,BTP 2
2018/10/20 01:00:00,2018/10/19 18:00:00,2018/10/19 21:00:00,2018/10/19 20:45:00,2018/10/19 22:39:00,2018/10/20 10:27:00,2018/10/20 12:10:00,MAERSK LAMANAI,1672,"34,89",NEO BOSSA,MAE,BTP 3
2018/12/21 07:00:00,2018/12/21 16:00:00,2018/12/22 17:00:00,2018/12/22 17:55:00,2018/12/22 19:40:00,2018/12/23 05:04:00,2018/12/23 09:10:00,STELLAR WILLEMSTADT,715,"41,26",VITORIA,MSC,BTP 1
2018/11/17 01:00:00,2018/11/16 16:00:00,2018/11/16 18:00:00,2018/11/16 17:40:00,2018/11/16 19:41:00,2018/11/17 04:13:00,2018/11/17 07:45:00,CMA CGM LITANI,916,"38,31",NEO BOSSA,CMA,BTP 1
2018/12/24 07:00:00,2018/12/30 08:15:00,2018/12/30 10:00:00,2018/12/30 09:57:00,2018/12/30 11:45:00,2018/12/30 23:50:00,2018/12/31 03:20:00,MSC NERISSA,1747,"40,13",USA-STRING,MSC,BTP 1
2018/12/22 01:00:00,2018/12/21 16:00:00,2018/12/21 20:00:00,2018/12/21 19:23:00,2018/12/21 22:11:00,2018/12/22 09:40:00,2018/12/22 13:25:00,MAERSK LOTA,1011,"33,09",NEO BOSSA,MAE,BTP 2
2018/11/18 01:00:00,2018/11/17 17:00:00,2018/11/17 19:30:00,2018/11/17 18:29:00,2018/11/17 20:16:00,2018/11/18 16:43:00,2018/11/18 17:36:00,MAERSK LEON,2171,"33,8",IPANE-ASAS,MAE,BTP 1
2018/10/13 13:00:00,2018/10/15 14:00:00,2018/10/15 16:30:00,2018/10/15 15:15:00,2018/10/15 20:21:00,2018/10/16 12:05:00,2018/10/16 16:35:00,STELLAR WILLEMSTADT,1133,"38,89",VITORIA,MSC,BTP 2
2018/10/24 19:00:00,2018/10/24 01:00:00,2018/10/24 02:30:00,2018/10/24 03:18:00,2018/10/24 05:07:00,2018/10/24 11:05:00,2018/10/24 17:09:00,VICENTE PINZON,163,"29,39",ALCT2,ALI,BTP 3
2018/12/20 07:00:00,2018/12/20 03:00:00,2018/12/20 15:00:00,2018/12/20 15:00:00,2018/12/20 16:58:00,2018/12/21 13:21:00,2018/12/21 16:10:00,CCNI ANDES,1017,"29,07",NWC1,HLC,BTP 2
2018/12/12 07:00:00,2018/12/11 20:00:00,2018/12/12 01:00:00,2018/12/12 01:10:00,2018/12/12 02:14:00,2018/12/12 14:20:00,2018/12/12 17:45:00,MSC AMALFI,1227,"32,86",WMED,MSC,BTP 2
2018/11/15 07:00:00,2018/11/15 23:00:00,2018/11/16 01:00:00,2018/11/16 00:58:00,2018/11/16 02:09:00,2018/11/16 16:39:00,2018/11/16 18:45:00,MSC ARICA,1335,"37,36",NWC1,MSC,BTP 2
2018/12/13 13:00:00,2018/12/12 06:30:00,2018/12/13 12:00:00,2018/12/13 12:02:00,2018/12/13 16:42:00,2018/12/15 03:49:00,2018/12/15 08:06:00,MSC JEONGMIN,1918,"27,64",IPANE-ASAS,MSC,BTP 3
2018/11/09 19:00:00,2018/11/09 03:00:00,2018/11/09 06:00:00,2018/11/09 04:38:00,2018/11/09 07:20:00,2018/11/09 16:33:00,2018/11/10 01:05:00,MSC MARGARITA,851,"33,69",USA-STRING,MSC,BTP 3
2018/10/28 01:00:00,2018/10/27 20:00:00,2018/10/27 22:00:00,2018/10/27 21:32:00,2018/10/27 23:23:00,2018/10/29 01:18:00,2018/10/29 05:10:00,MAERSK LA PAZ,2203,"33,14",IPANE-ASAS,MAE,BTP 2
